    Finished `test` profile [unoptimized + debuginfo] target(s) in 0.04s
     Running unittests src/lib.rs (target/debug/build/bumbledb/f9f19e7399092911/out/bumbledb-f9f19e7399092911)

running 1366 tests
test allen::dense_tests::dense_line_classification_uses_exact_endpoint_order ... ok
test allen::tests::representative_composition_laws_on_the_small_grid ... ok
test api::db::tests::a_builder_rejection_is_the_same_complete_verdict ... ok
test api::db::tests::accepted_collection_is_send ... ok
test allen::tests::composites_mean_their_point_set_definitions ... ok
test allen::tests::converse_dualizes_classification ... ok
test allen::tests::classify_matches_the_point_set_oracle_jepd ... ok
test allen::tests::exhaustive_composition_table_spot_laws ... ok
test api::db::tests::a_reentrant_write_is_refused_typed_not_deadlocked ... ok
test api::db::tests::accepted_reports_are_exact_and_delete_never_mints ... ok
test api::db::tests::builder_deletes_are_set_arithmetic_from_empty ... ok
test api::db::tests::a_key_conflict_is_rejected_with_both_competing_rows_cited ... ok
test api::db::tests::accepted_collections_hit_the_same_walls_as_the_dyn_lane ... ok
test api::db::tests::a_typo_delete_is_a_counted_noop_and_moves_nothing ... ok
test api::db::tests::a_rejected_integration_candidate_retains_the_session ... ok
test api::db::tests::a_conflict_with_a_committed_row_rejects_and_preserves_it ... ok
test api::db::tests::a_shape_failure_does_not_poison_a_clean_write ... ok
test api::db::tests::an_empty_write_commits_without_moving_the_generation ... ok
test api::db::tests::apply_and_owned_snapshot_are_the_public_path ... ok
test api::db::tests::apply_conflict_is_invariant_rejected_after_accepted_write ... ok
test api::db::tests::a_builder_admits_judged_content_and_publishes_it ... ok
test api::db::tests::closed_point_reads_resolve_against_the_extension ... ok
test api::db::tests::cancelled_pending_write_keeps_its_prefix_but_cannot_publish ... ok
test api::db::tests::dynamic_empty_collections_bypass_guards_and_nullary_rows_remain_facts ... ok
test api::db::tests::dynamic_ingestion_stops_at_cancellation_before_later_bad_rows ... ok
test api::db::tests::get_dyn_rejects_mis_shaped_requests_with_typed_errors ... ok
test api::db::tests::get_dyn_falls_through_to_committed_state ... ok
test api::db::tests::get_with_work_observes_the_supplied_cancellation_context ... ok
test api::db::tests::get_dyn_reads_its_own_writes_exactly_as_a_later_transaction_does ... ok
test api::db::tests::deleted_text_is_unreachable_after_delete_and_reopen ... ok
test api::db::tests::owned_read_frame_reads_applied_row_and_close_waits ... ok
test api::db::tests::owned_read_keeps_rows_but_does_not_retain_retired_resolvers ... ok
test api::db::tests::poison_preserves_the_original_error_after_an_applied_prefix ... ok
test api::db::tests::owned_read_text_queries_refresh_resolvers_without_refreshing_rows_or_work ... ok
test api::db::tx::pending_tests::occupied_pending_rows_do_not_reprobe_the_committed_parent ... ok
test api::prepared::bind::scalar_resolution_tests::nontext_scalars_and_type_mismatches_never_acquire_a_text_resolver ... ok
test api::prepared::bind::scalar_resolution_tests::resolved_scalar_text_filter_and_literal_selection_keep_the_same_text_owner ... ok
test api::prepared::bind::scalar_resolution_tests::resolved_text_filters_and_selections_keep_owners_and_reuse_clone_storage ... ok
test api::prepared::bind::scalar_resolution_tests::text_conversion_uses_the_supplied_resolver_and_propagates_refusal ... ok
test api::db::tests::replacement_in_one_command_is_judged_as_final_state ... ok
test api::prepared::computed::events::tests::diagnostic_capacity_refuses_without_publishing_a_partial_set ... ok
test api::db::tests::repeated_pending_removal_uses_known_parent_presence ... ok
test api::db::tests::scoped_read_borrows_metadata_while_owned_read_retains_it ... ok
test api::prepared::computed::tests::cancellation_during_fault_collection_is_not_reported_as_a_complete_set ... ok
test api::prepared::computed::tests::batch_stops_after_product_cancellation_before_evaluating_later_scalars ... ok
test api::db::tests::compact_copies_content_host_records_and_generation_coherently ... ok
test api::prepared::computed::tests::product_cancellation_polls_even_when_projection_deduplicates_every_later_row ... ok
test api::db::tests::selected_free_join_images_confirm_composite_fingerprint_collisions ... ok
test api::db::tests::typed_get_borrows_decoded_text_from_the_lease ... ok
test api::db::tests::keyed_reads_retain_snapshot_bytes_across_collisions_repeated_reads_and_replacement ... ok
test api::prepared::fallback::tests::fallback_operands_mark_string_columns ... ok
test api::prepared::reach::spill_bounded::bounded_image_publishes_emitted_rows_and_rebinds_its_generation ... ok
test api::prepared::computed::pack::tests::spill_cancellation_refuses_before_a_complete_fault_set_is_claimed ... ok
test api::prepared::computed::tests::constructed_events_survive_spill_and_empty_values_do_not_eliminate_bindings ... ok
test api::prepared::reach::spill_bounded::d09_small_projection_stays_resident ... ok
test api::prepared::derived::tests::nested_scratch_reads_reuse_two_row_buffers_without_row_allocations ... ok
test api::prepared::reach::spill_bounded::d09_tiny_aggregate_never_opens_scratch ... ok
test api::db::tests::write_from_borrows_a_cloneable_witness ... ok
test api::prepared::derived::tests::scratch_visitors_borrow_rows_and_stop_before_later_corruption ... ok
test api::prepared::derived::tests::scratch_visit_observes_consumer_cancellation_with_a_live_producer ... ok
test api::prepared::computed::pack::tests::wide_groups_preserve_values_and_faults_across_forced_spill_and_reaim ... ok
test api::db::tests::writes_to_a_closed_relation_are_refused_before_the_delta ... ok
test api::prepared::reach::spill_bounded::small_aggregate_keeps_free_join_image_alive_after_producer_drop ... ok
test api::prepared::result::tests::adopt_and_abort_leaves_nothing_a_fresh_ticket_can_commit ... ok
test api::prepared::result::tests::borrowed_page_cancellation_at_first_or_last_row_retries_the_same_page ... ok
test api::prepared::result::tests::cancellation_cannot_seal_a_complete_owner ... ok
test api::prepared::result::tests::delivery_context_is_independent_of_completed_execution ... ok
test api::prepared::result::tests::dropping_a_successful_ticket_does_not_advance ... ok
test api::prepared::result::tests::empty_results_frame_completion_and_zero_page_size_makes_progress ... ok
test api::prepared::result::tests::repeated_preview_cancellation_discards_the_old_pending_advance ... ok
test api::prepared::result::tests::failed_or_panicking_destination_cannot_commit_a_prefix ... ok
test api::prepared::result::tests::result_value_iterator_borrows_payloads_and_preserves_every_value_kind ... ok
test api::prepared::result::tests::sealing_and_consuming_result_move_the_same_storage ... ok
test api::prepared::result::tests::the_cursor_consumes_the_result_and_frames_the_terminal_page ... ok
test api::prepared::tests::aggregates::fold_split_then_gj_split_composes_on_a_grouped_cyclic_body ... ok
test api::prepared::tests::aggregates::a_closed_group_key_takes_the_dense_table ... ok
test api::prepared::tests::aggregates::interval_find_round_trips_through_answers ... ok
test api::prepared::tests::aggregates::physical_scalar_folds_deduplicate_across_set_selection_values_and_rebinds ... ok
test api::prepared::tests::aggregates::physical_scalar_folds_drop_hidden_fact_multiplicity_but_fallback_keeps_dedup ... ok
test api::prepared::reach::spill_bounded::partitioned_aggregate_seals_exactly_without_an_intermediate_answer_set ... ok
test api::prepared::tests::answers::answer_reuse_retains_capacity_and_answers_stay_identical ... ok
test api::prepared::tests::answers::bulk_finalize_keeps_initialized_prefix_on_error_and_matches_rowwise_retry ... ok
test api::prepared::tests::answers::finalize_materializes_each_distinct_intern_once ... ok
test api::prepared::reach::spill_bounded::d09_spilled_projection_seal_is_scratch_and_complete ... ok
test api::prepared::tests::answers::overflow_errors_leave_answers_reusable ... ok
test api::prepared::reach::spill_bounded::d09_scratch_visit_propagates_failure_immediately ... ok
test api::prepared::tests::answers::text_compare_refusal_fails_the_query ... ok
test api::prepared::tests::budgets::aggregate_interior_matches_cursor_execution ... ok
test api::prepared::tests::budgets::projection_interior_matches_cursor_execution_and_reuse ... ok
test api::prepared::tests::answers::event_results_resolve_spilled_keys_and_reject_stale_keys ... ok
test api::prepared::tests::correctness::aggregates_fold_every_binding_of_existential_suffixes ... ok
test api::prepared::reach::spill_bounded::cancelled_seal_publishes_nothing_and_keeps_source_readable ... ok
test api::prepared::reach::spill_bounded::scratch_frontier_seals_only_the_watermark_suffix ... ok
test api::db::tests::write_from_rejects_a_foreign_witness ... ok
test api::prepared::tests::correctness::heap_keyed_fallback_does_not_stop_after_a_rejected_first_row ... ok
test api::prepared::reach::spill_bounded::sealed_scratch_projection_and_aggregate_own_text_after_producer_drop ... ok
test api::prepared::tests::correctness::heap_prepared_witnesses_require_the_same_schema_laws ... ok
test api::prepared::tests::answers::completed_results_own_shared_text_across_prepared_reuse ... ok
test api::prepared::tests::correctness::ne_against_a_never_interned_string_matches_everything ... ok
test api::prepared::tests::correctness::results_decode_text_tokens_to_original_bytes ... ok
test api::db::tests::the_three_write_lanes_produce_identical_stores ... ok
test api::prepared::reach::spill_bounded::recursive_accumulator_owns_text_after_frontier_refill_in_both_representations ... ok
test api::prepared::tests::correctness::execute_complete_seals_only_full_results_and_pages_them ... ok
test api::prepared::tests::correctness::forced_cursor_fallback_agrees_with_the_resident_path ... ok
test api::prepared::tests::correctness::u64_ranges_and_cross_atom_residuals_match_nested_loops ... ok
test api::prepared::tests::disjoint::a_fold_over_a_proven_disjoint_union_absorbs_nothing ... ok
test api::prepared::tests::disjoint::a_three_arm_union_absorbs_nothing_across_rules ... ok
test api::prepared::tests::float_aggregates::cursor_and_resident_float_reductions_agree_bit_for_bit ... ok
test api::prepared::tests::float_aggregates::float_folds_keep_full_binding_grain_dnf_transparency_and_no_empty_group ... ok
test api::prepared::tests::float_aggregates::mean_requires_explicit_float_input ... ok
test api::prepared::tests::folded::a_folded_plan_answers_and_keeps_the_latched_fast_path ... ok
test api::prepared::tests::folded::an_empty_fold_prepares_the_statically_empty_query ... ok
test api::prepared::tests::budgets::completed_results_support_cancellable_borrowed_delivery_without_copying ... ok
test api::prepared::tests::correctness::hidden_keys_heap_and_overlapping_union_keep_output_hashing ... ok
test api::prepared::tests::float_aggregates::real_query_sum_mean_match_all_independent_rational_fixture_bits ... ok
test api::prepared::tests::correctness::a_prepared_query_refuses_a_foreign_source ... ok
test api::prepared::tests::correctness::store_and_heap_sources_agree_on_the_same_rows ... ok
test api::prepared::tests::gates::d11_pack_order_is_logical_not_insertion ... ok
test api::prepared::tests::gates::d12_preview_does_not_advance_until_commit ... ok
test api::prepared::tests::folded::introspection_reports_the_fold_with_its_filters_and_handles ... ok
test api::prepared::tests::correctness::explicitly_spilled_projection_finalizes_exactly_and_reuses_its_plan ... ok
test api::prepared::tests::gates::text_token_identity_is_generation_scoped_and_owners_survive_reclamation ... ok
test api::prepared::tests::correctness::selective_cursor_execution_is_exact_and_cancellation_does_not_restart ... ok
test api::prepared::tests::correctness::store_keyed_range_installs_append_and_matches_forced_hash_control ... ok
test api::prepared::tests::gates::allocating_collect_obeys_frame_cancellation_and_retries_cleanly ... ok
test api::prepared::tests::ground::a_chained_elimination_executes_result_identical_to_the_disabled_plan ... ok
test api::prepared::tests::ground::dnf_residue_subsumption_deletes_the_filtered_rule ... ok
test api::prepared::tests::ground::the_du_fixture_introspection_pins_the_eliminated_line ... ok
test api::prepared::tests::ground::eliminated_and_disabled_executions_agree_on_both_sinks ... ok
test api::prepared::tests::ground::per_rule_elimination_marks_one_rule_only ... ok
test api::prepared::tests::key_probe::a_membership_bound_single_atom_query_stays_free_join ... ok
test api::prepared::tests::gates::cancelled_execution_context_refuses_execute ... ok
test api::prepared::tests::gates::completed_execution_keeps_query_pools_until_explicit_release ... ok
test api::prepared::tests::gates::d10_key_bound_query_visits_are_bounded ... ok
test api::prepared::tests::key_probe::full_fact_membership_lookup_with_an_interval_field_is_exact ... ok
test api::prepared::tests::key_probe::key_probe_fast_lane_hits_misses_and_type_errors ... ok
test api::prepared::tests::key_probe::key_probe_queries_flow_through_the_same_surface ... ok
test api::prepared::tests::key_probe::pointwise_key_point_lookup_preserves_exact_interval_equality ... ok
test api::prepared::tests::latch::a_str_literal_latches_on_first_execution ... ok
test api::prepared::computed::tests::products_survive_projection_deduplication_spill_and_reuse ... ok
test api::prepared::tests::gates::into_cursor_page_size_and_ticket_commit_control_advancement ... ok
test api::prepared::tests::gates::derived_pipeline_matches_cursor_execution_and_retains_resident_stages ... ok
test api::prepared::tests::key_probe::an_unstored_text_param_on_the_fast_path_is_empty_not_an_error ... ok
test api::prepared::tests::pack::pack_absorbs_rays_over_i64_spans ... ok
test api::prepared::tests::pack::multi_rule_pack_folds_the_union ... ok
test api::prepared::tests::key_probe::a_key_probe_prepare_and_execute_build_no_image ... ok
test api::prepared::tests::pack::pack_coalesces_overlap_adjacency_and_duplicates_per_group ... ok
test api::prepared::tests::key_probe::cancelled_missing_scalar_probe_refuses_and_clears_reused_answers ... ok
test api::prepared::tests::pack::pack_groups_exactly_as_sum_does ... ok
test api::prepared::tests::params::bind_time_checks_reject_bad_params ... ok
test api::prepared::tests::params::prepare_once_execute_many_with_varying_params ... ok
test api::prepared::tests::key_probe::text_free_probe_uses_shared_execution_without_acquiring_a_resolver ... ok
test api::prepared::tests::key_probe::full_fact_membership_agrees_between_store_and_heap ... ok
test api::prepared::tests::latch::an_unmatched_literal_latches_finally_and_matches_later_rows ... ok
test api::prepared::tests::latch::literal_bytes_survive_trim_and_switches_between_resident_and_fallback ... ok
test api::prepared::tests::key_probe::cancelled_text_resolution_is_not_a_membership_or_indexed_key_miss ... ok
test api::prepared::tests::params::resident_string_param_rebinds_after_shared_cache_generation_rotates ... ok
test api::prepared::tests::params::scalar_parameter_memo_shares_the_canonical_string_and_release_drops_its_owner ... ok
test api::prepared::tests::params::param_word_memo_preserves_tokens_across_rebinds_and_new_rows ... ok
test api::prepared::tests::params::string_params_resolve_per_execution ... ok
test api::prepared::tests::params::scalar_set_and_point_params_keep_one_owner_across_bind_time_rotation ... ok
test api::prepared::tests::reach::an_interiors_only_query_does_not_enter_reach ... ok
test api::prepared::tests::reach::dead_main_with_live_interiors_still_reports_interior_emits ... ok
test api::prepared::tests::reach::cancelled_reach_publishes_no_prefix_and_allows_reuse ... ok
test api::prepared::tests::params::changing_text_parameters_do_not_retain_their_entire_history ... ok
test api::prepared::tests::reach::empty_frontier_finishes_without_allocating_recursive_rows ... ok
test api::prepared::tests::reach::release_preserves_recursive_and_interior_plans_and_owned_answers ... ok
test api::prepared::tests::reach::recursive_arms_share_one_immutable_frontier_and_one_exact_set ... ok
test api::prepared::tests::rules::a_grouped_count_head_across_rules_is_the_typed_validation_refusal ... ok
test api::prepared::tests::rules::a_grouped_fold_absorbs_the_cross_rule_duplicate ... ok
test api::prepared::tests::rules::a_key_probe_rule_unions_through_the_sink ... ok
test api::prepared::tests::rules::a_multi_rule_query_prepares_with_every_rules_plan ... ok
test api::prepared::tests::rules::aggregates_fold_the_union_of_head_projected_bindings ... ok
test api::prepared::tests::rules::an_or_spelled_fold_keeps_the_written_rules_full_binding_domain ... ok
test api::prepared::tests::rules::an_overlapping_union_has_no_duplicates_and_host_concatenation_does ... ok
test api::prepared::tests::params::uuid_param_slot_reuses_words_across_hits_misses_and_type_errors ... ok
test api::prepared::tests::rules::the_all_count_head_across_rules_is_the_typed_validation_refusal ... ok
test api::prepared::tests::rules::params_bind_once_and_reach_all_rules ... ok
test api::prepared::tests::projection_unique::computed_heads_and_derived_occurrences_do_not_install_projection_witnesses ... ok
test api::prepared::tests::reach::spilled_rec_seen_and_frontier_state_preserves_the_closure ... ok
test api::prepared::tests::projection_unique::hidden_instrument_key_string_filter_matches_forced_hash_in_order ... ok
test api::prepared::tests::projection_unique::unique_projection_refusals_publish_no_partial_rows_and_allow_reuse ... ok
test api::prepared::tests::projection_unique::keyed_interval_membership_keeps_hashing_for_hidden_points_through_real_normalization ... ok
test api::prepared::tests::selection::selection_params_rotate_differentially ... ok
test api::prepared::tests::projection_unique::uuid_keyed_join_with_negative_guard_preserves_order_across_sink_tiers ... ok
test api::prepared::tests::selection::selection_work_is_o_selected ... ok
test api::prepared::tests::rules::introspection_reports_per_rule_stats_and_the_union_accounting ... ok
test api::prepared::tests::selected_image::cancelled_selected_image_publishes_no_cache_entry ... ok
test api::prepared::tests::sets::membership_of_the_last_point_in_a_ray_is_true_and_the_ceiling_rejects ... ok
test api::prepared::tests::sets::membership_point_var_join_end_to_end ... ok
test api::prepared::tests::sets::negated_set_bindings_reject_under_any_element ... ok
test api::prepared::tests::sets::out_of_vocabulary_string_elements_contribute_nothing ... ok
test api::prepared::tests::sets::point_param_at_the_ceiling_is_a_bind_error ... ok
test api::prepared::tests::sets::profile_binds_param_sets_exactly_as_execute_args ... ok
test api::prepared::tests::sets::set_membership_matches_any_element ... ok
test api::prepared::tests::selected_image::indexed_image_coverage_survives_old_snapshots_refusal_and_generation_rotation ... ok
test api::prepared::tests::selected_image::index_cardinality_is_exact_at_the_cutoff_and_observes_cancellation ... ok
test api::prepared::tests::selected_image::dense_selection_uses_one_sequential_scan_without_prefetching_bucket_bodies ... ok
test api::prepared::tests::statically_empty::a_dead_rule_beside_a_live_one_runs_the_live_one_only ... ok
test api::prepared::tests::selected_image::indexed_image_rotation_is_bucket_shaped_and_never_shared_as_full ... ok
test api::prepared::tests::selected_image::selection_diversity_promotes_once_instead_of_thrashing_the_bounded_memo ... ok
test api::prepared::tests::statically_empty::the_empty_query_builds_no_image_and_binds_no_view ... ok
test api::prepared::tests::statically_empty::folded_and_unfolded_executions_agree_on_random_single_slot_filters ... ok
test api::prepared::tests::text_retention::cursor_numeric_projection_does_not_pin_scanned_text ... ok
test api::prepared::tests::text_retention::cursor_output_owns_text_beyond_row_reuse_and_release_preserves_answers ... ok
test api::prepared::tests::text_retention::cursor_aggregate_dedup_retains_non_output_text_across_repeated_arms ... ok
test api::prepared::tests::view_memo::four_draw_memo_activation_preserves_current_work_and_pool_ownership ... ok
test api::prepared::tests::view_memo::heap_executions_use_fresh_view_epochs_without_resident_cache_entries ... ok
test api::prepared::tests::selection::selection_params_rotate_without_view_rebuilds ... ok
test api::prepared::tests::sets::in_family_equals_the_union_of_per_element_executions ... ok
test canonical::ownership::canonical_bytes_transfer_without_copying ... ok
test canonical::ownership::decoded_row_iterators_borrow_or_move_existing_values ... ok
test canonical::result::tests::all_scalars_round_trip_in_canonical_order ... ok
test canonical::result::tests::bytes_are_entry_order_independent_and_header_pinned ... ok
test canonical::result::tests::empty_record_is_the_empty_byte_string ... ok
test canonical::result::tests::encode_refusals_are_typed ... ok
test canonical::result::tests::strict_decode_refuses_malformed_frames ... ok
test canonical::tests::decode_scratch_cancellation_prevents_growth_or_visit ... ok
test canonical::tests::decode_scratch_capacity_overflow_preserves_existing_allocation ... ok
test canonical::tests::decode_scratch_clears_partial_values_on_decode_visitor_and_cancellation_errors ... ok
test canonical::tests::decode_scratch_remains_reusable_after_visitor_unwinds ... ok
test canonical::tests::decode_scratch_reuses_capacity_and_drops_payloads_after_each_visit ... ok
test canonical::tests::field_batches_keep_variable_width_roundtrips ... ok
test api::prepared::tests::snapshot::database_clear_invalidates_warm_text_views_before_finalization ... ok
test canonical::tests::field_batches_preserve_global_error_indices_and_cancellation ... ok
test api::prepared::tests::selected_image::self_join_does_not_clone_a_differently_selected_partial_image ... ok
test canonical::tests::forged_dense_interval_bytes_refuse ... ok
test canonical::tests::image_walker_and_strict_decode_agree_on_interval_laws ... ok
test canonical::tests::field_batches_preserve_wire_roundtrips ... ok
test canonical::tests::malformed_bool_float_interval_width_and_utf8_refuse ... ok
test canonical::tests::scalar_route_checks_cancellation_including_empty_projections ... ok
test canonical::tests::independent_all_scalar_golden_and_every_truncation ... ok
test canonical::tests::scalar_route_validates_every_field_and_all_row_framing ... ok
test canonical::tests::scalar_route_rejects_unselected_interval_and_fixed_bytes_malformed_values ... ok
test canonical::tests::scalar_route_float_order_and_noncanonical_unselected_values ... ok
test canonical::tests::scalar_routes_borrow_payloads_and_preserve_nonleading_and_composite_order ... ok
test canonical::tests::shape_errors_refuse_and_zero_field_rows_roundtrip ... ok
test api::prepared::tests::snapshot::query_release_and_database_cache_clear_preserve_answers ... ok
test api::prepared::tests::snapshot::pinned_plan_reads_fresh_data_at_newer_generations ... ok
test canonical::tests::utf8_crossing_poll_boundaries_is_checked_without_full_copy ... ok
test canonical::tests::uuid_and_dense_interval_golden_roundtrip ... ok
test changes::tests::composition_refuses_foreign_schema_and_cancelled_identity_fast_paths ... ok
test changes::tests::failed_ingestion_spends_draft_and_releases_owned_memory ... ok
test changes::tests::ordered_records_refuse_bad_rows_and_cancellation ... ok
test changes::tests::ordered_records_seal_identical_wire_and_share_the_payload ... ok
test api::prepared::tests::snapshot::prepare_leaves_the_image_cache_empty_until_execution ... ok
test changes::tests::owned_parsing_reuses_allocation_and_has_identical_refusals ... ok
test changes::tests::sorting_cancellation_returns_no_payload ... ok
test api::prepared::tests::view_memo::a_heap_prepared_plan_refuses_other_sources ... ok
test changes::tests::strict_parser_rejects_truncation_duplicates_reordering_and_foreign_schema ... ok
test changes::tests::normalized_change_bytes_ignore_order_and_repetition_with_add_winning ... ok
test changes::tests::owned_record_cursor_shares_bytes_and_clones_an_independent_position ... ok
test digest::tests::streaming_equals_one_shot ... ok
test changes::tests::composition_matches_one_command_and_is_commutative_associative_idempotent ... ok
test encoding::tests::append_field_matches_stored_fact_slices ... ok
test encoding::tests::append_field_writes_layout_bytes_width ... ok
test encoding::tests::bool_round_trip_and_strictness ... ok
test encoding::tests::decode_field_round_trips_every_type ... ok
test encoding::tests::decode_field_surfaces_corruption ... ok
test encoding::tests::decode_values_keyed_never_resolves_a_projected_field ... ok
test encoding::tests::encode_fact_matches_independent_field_encodings ... ok
test encoding::tests::exhaustive_bool_encoding_preserves_order ... ok
test encoding::tests::exhaustive_fixed_bytes_prefix_laws_over_all_short_strings ... ok
test encoding::tests::exhaustive_fixed_interval_start_word_preserves_start_order ... ok
test encoding::tests::field_bytes_slices_equal_independent_encodings ... ok
test encoding::tests::exhaustive_string_id_word_preserves_id_order_only ... ok
test encoding::tests::exhaustive_i64_encoding_preserves_order_across_the_sign_boundary ... ok
test encoding::tests::fixed_bytes_padded_order_is_byte_order ... ok
test encoding::tests::fixed_bytes_round_trip_at_pad_boundaries ... ok
test encoding::tests::fixed_interval_decode_rejects_a_start_at_the_q2_bound ... ok
test encoding::tests::fixed_interval_round_trips_one_word ... ok
test encoding::tests::i64_order_preservation_across_sign_boundary ... ok
test encoding::tests::exhaustive_u64_encoding_preserves_order_at_byte_boundaries ... ok
test encoding::tests::i64_round_trip_extremes ... ok
test api::prepared::tests::view_memo::trim_drops_parked_views_and_preserves_answers ... ok
test encoding::tests::interval_decode_rejects_start_at_or_beyond_end ... ok
test encoding::tests::interval_f64_words_roundtrip_and_reject_corruption ... ok
test encoding::tests::interval_words_reads_through_the_layout_width ... ok
test encoding::tests::nullary_fact_layout_is_empty ... ok
test encoding::tests::layout_offsets_are_cumulative_widths_with_no_padding ... ok
test encoding::tests::typed_decode_reads_the_layout_arm ... ok
test encoding::tests::interval_encoding_orders_by_start_then_end ... ok
test encoding::tests::interval_round_trip_edges_and_random_pairs ... ok
test encoding::tests::u64_round_trip_extremes ... ok
test encoding::tests::u64_order_preservation ... ok
test encoding::tests::uuid_field_roundtrips_verbatim_and_orders_by_bytes ... ok
test error::hatch_tests::hatch_reuses_io_family_and_downcasts ... ok
test exec::colt::tests::admit::cancelled_duplicate_chunk_preserves_the_original_singleton ... ok
test api::prepared::tests::view_memo::same_generation_executions_memo_hit_and_new_generations_rebuild ... ok
test exec::colt::tests::admit::cancelled_first_map_does_not_publish_or_fabricate_empty_output ... ok
test exec::colt::tests::admit::cancelled_resize_preserves_the_readable_map_and_can_retry ... ok
test exec::colt::tests::admit::forced_probes_preserve_pools_until_reset_requires_construction ... ok
test exec::colt::tests::admit::pool_growth_is_geometric_and_failed_growth_preserves_contents ... ok
test exec::colt::tests::dense::a_token_that_outlives_a_force_is_refused ... ok
test exec::colt::tests::admit::repeated_same_shape_executions_reuse_retained_pools_without_allocating ... ok
test encoding::tests::exhaustive_interval_encoding_orders_by_endpoint_pair_on_the_grid ... ok
test exec::colt::tests::dense::a_token_that_outlives_a_reset_is_refused ... ok
test exec::colt::tests::dense::iteration_refuses_wrapping_caller_buffer_extents - should panic ... ok
test exec::colt::tests::dense::chunked_lists_round_trip_far_beyond_one_chunk ... ok
test exec::colt::tests::dense::row_cursor_iteration_honors_max ... ok
test exec::colt::tests::dense::dense_tokens_resume_across_interleaved_probes ... ok
test exec::colt::tests::model::bucket_probes_match_the_model_under_adversarial_keys ... ok
test exec::colt::tests::model::batch_width_probes_match_dynamic_through_selection_force_and_pinned_rows ... ok
test exec::colt::tests::model::hoisted_gathers_match_the_per_position_reference ... ok
test exec::colt::tests::dense::released_join_pools_keep_compiled_shape_but_reject_old_iteration_tokens ... ok
test exec::colt::tests::pins::bucketized_force_stays_at_parity_with_the_linear_build ... ignored, microbench pin: run explicitly with --ignored
test exec::colt::tests::pins::chunk_geometry_force_iterate_ab ... ignored, timing evidence, run by hand on the reference host
test exec::colt::tests::pins::flag_free_compare_twin_at_displaced_and_resident_probes ... ignored, microbench pin: run explicitly with --ignored
test exec::colt::tests::model::packed_children_preserve_the_full_payload_without_a_second_cursor_type ... ok
test exec::colt::tests::overflow::overflowing_home_buckets_chain_to_the_next_and_round_trip ... ok
test exec::colt::tests::selection::a_single_position_union_pins_a_row ... ok
test exec::colt::tests::selection::chained_selections_intersect_and_contradict ... ok
test exec::colt::tests::selection::reset_retains_selection_capacity ... ok
test exec::colt::tests::model::get_and_iter_agree_with_a_naive_oracle ... ok
test exec::colt::tests::selection::key_count_labels_below_selections ... ok
test exec::colt::tests::selection::set_levels_chain_with_scalar_levels ... ok
test exec::colt::tests::selection::start_before_select_panics ... ok
test exec::colt::tests::selection::set_probes_union_survivors_per_element ... ok
test exec::colt::tests::selection::selection_levels_probe_to_the_filtered_subtrie ... ok
test exec::colt::tests::selection::zero_selection_tries_are_the_old_tries ... ok
test exec::colt::tests::sizing::key_count_labels_are_honest_in_both_states ... ok
test exec::colt::tests::sizing::singleton_keys_allocate_no_chunks ... ok
test exec::colt::tests::selection::set_rebinds_reach_a_pool_fixpoint ... ok
test api::prepared::tests::budgets::resident_and_cursor_self_joins_preserve_answers_after_memory_release ... ok
test exec::dispatch::tests::a_closed_relation_stays_free_join_even_fully_bound ... ok
test exec::dispatch::tests::a_membership_binding_is_not_a_key_cover ... ok
test exec::dispatch::tests::a_param_set_bound_field_disqualifies_the_fast_path ... ok
test exec::colt::tests::sizing::zero_arity_levels_gate_on_nonemptiness ... ok
test exec::dispatch::key_probe_fact::exact_word_tests::stack_routing_matches_the_value_codec_including_float_holes_and_padding ... ok
test exec::colt::tests::sizing::suffix_iteration_never_forces ... ok
test exec::colt::tests::sizing::small_fanouts_reserve_small_first_chunks ... ok
test exec::colt::tests::synthetic::store_free_gathers_match_a_naive_model ... ok
test exec::dispatch::tests::a_partially_bound_key_stays_free_join ... ok
test exec::dispatch::tests::a_second_atom_or_a_residual_stays_free_join ... ok
test exec::dispatch::tests::a_pointwise_key_does_not_license_a_unique_row_probe ... ok
test exec::dispatch::tests::an_interval_variable_decodes_into_its_two_slot_span ... ok
test exec::dispatch::tests::aggregate_over_a_point_lookup_folds_one_binding ... ok
test exec::dispatch::tests::an_unstored_pending_literal_is_empty_not_an_error ... ok
test exec::dispatch::tests::extra_filters_survive_as_remaining ... ok
test exec::dispatch::tests::full_fact_binding_takes_the_membership_path ... ok
test exec::dispatch::tests::full_fact_membership_lookup_with_an_interval_field ... ok
test exec::dispatch::tests::fully_key_bound_single_atom_classifies_as_key_probe ... ok
test exec::dispatch::tests::hit_miss_and_filter_rejection ... ok
test exec::dispatch::tests::uniqueness_reuses_row_storage_without_interning_rejected_candidates ... ok
test exec::dispatch::tests::param_driven_keys_resolve_at_bind_time ... ok
test exec::colt::tests::model::fixed_and_wide_map_iteration_preserves_keys_children_and_batch_boundaries ... ok
test exec::kernel::numeric::accumulator::tests::exact_mean_does_not_round_sum_first_or_lose_subnormal_ties ... ok
test exec::kernel::numeric::accumulator::tests::scratch_codec_refuses_malformed_images ... ok
test exec::kernel::numeric::accumulator::tests::merge_table_is_associative_commutative_but_not_idempotent ... ok
test exec::kernel::numeric::accumulator::tests::scratch_codec_round_trips_every_state_bit_for_bit ... ok
test exec::kernel::numeric::tests::every_host_rounding_and_flush_mode_is_overridden_and_exactly_restored ... ok
test exec::kernel::numeric::tests::zero_canonicalization_and_forbidden_rewrites_have_distinguishing_examples ... ok
test exec::kernel::tests::allen_code_batch_const_matches_the_broadcast_four_stream_kernel ... ok
test exec::kernel::numeric::tests::guard_restores_on_error_unwind_and_nested_execution ... ok
test exec::kernel::numeric::accumulator::tests::u64_max_count_bound_and_error_are_numerical_state_independent ... ok
test exec::kernel::numeric::accumulator::tests::all_permutations_and_disjoint_partitions_have_one_exact_state ... ok
test exec::colt::tests::dense::near_distinct_maps_grow_to_the_pinned_capacity ... ok
test exec::kernel::tests::allen_filter_counter_spill_ab ... ignored, timing evidence, run by hand on the reference host
test exec::kernel::tests::allen_code_batch_refuses_unequal_streams - should panic ... ok
test exec::kernel::tests::compact_throughput_interleaved_ab ... ignored, timing evidence, run by hand on the reference host
test exec::kernel::tests::allen_code_batch_matches_reference_and_classify_bit_for_bit ... ok
test exec::kernel::tests::allen_representative_masks_agree_with_the_scalar_classifier ... ok
test exec::kernel::tests::allen_pooled_reuse_is_bit_identical_to_fresh_outputs ... ok
test exec::kernel::tests::compaction_keeps_exactly_the_masked_items_in_order ... ok
test exec::kernel::tests::allen_filter_batch_matches_reference_across_masks ... ok
test exec::colt::tests::sizing::construction_is_lazy_until_the_first_get ... ok
test exec::kernel::tests::allen_filter_columns_match_the_scalar_survivors_bit_for_bit ... ok
test exec::kernel::tests::filter_ab_predicate_scan_reshape ... ignored, timing evidence, run by hand on the reference host
test exec::kernel::tests::filter_mask_twin::filter_mask_twin_shipped_vs_masked ... ignored, measured decider: run release through scripts/measure.sh
test exec::kernel::tests::fold_throughput_contiguous_sum ... ignored, timing evidence, run by hand on the reference host
test exec::kernel::tests::gather_fold_scalar_addressed_twin ... ignored, timing evidence, run by hand on the reference host
test exec::kernel::tests::fold_extent_guard_refuses_wrapping_extents - should panic ... ok
test exec::kernel::tests::fold_min_max_extent_guard_refuses_wrapping_extents - should panic ... ok
test exec::kernel::tests::gather_folds_pin_carries_tails_and_word_order_extrema ... ok
test exec::kernel::tests::compaction_matches_the_safe_reference_bit_for_bit ... ok
test exec::kernel::tests::filter_mask_twin::masked_kernel_and_local_twin_match_the_references_bit_for_bit ... ok
test exec::kernel::tests::point_in_is_half_open_at_both_boundaries ... ok
test exec::kernel::tests::results_preserve_ascending_position_order ... ok
test exec::kernel::tests::scalar_gather_preserves_vector_wrapping_addresses_and_default_lanes ... ok
test exec::kernel::tests::interval_filter_compositions_match_the_scalar_reference_bit_for_bit ... ok
test exec::kernel::tests::u8_kernel_matches_the_scalar_reference ... ok
test exec::kernel::numeric::accumulator::tests::deterministic_random_merge_trees_match_unpartitioned_exact_states ... ok
test exec::kernel::tests::u64_kernels_match_the_scalar_reference_bit_for_bit ... ok
test exec::run::tests::cancellation::epoch_wrap_never_aliases_a_stale_cancellation ... ok
test exec::run::tests::batch_accounting::zero_yield_draws_are_not_batches ... ok
test exec::run::tests::batch_accounting::middle_node_membership_batches_pinned_rows_and_walks_fanouts ... ok
test exec::run::tests::cancellation::pipelined_d2_cancels_one_origin_and_spares_the_rest ... ok
test exec::run::tests::correctness::chain_query_matches_the_nested_loop_oracle ... ok
test exec::run::tests::cancellation::whole_execution_skip_stops_the_cover_draw_mid_entry ... ok
test exec::kernel::tests::fold_kernels_match_the_naive_folds_bit_for_bit ... ok
test exec::run::tests::correctness::empty_relations_yield_empty_results ... ok
test exec::run::tests::correctness::residuals_filter_across_atoms ... ok
test exec::run::tests::correctness::self_join_grandparent ... ok
test exec::run::tests::correctness::duplicate_heavy_skew_collapses_to_the_distinct_binding_set ... ok
test exec::run::tests::correctness::triangle_is_wcoj_honest ... ok
test exec::run::tests::correctness::clover_on_the_papers_instance ... ok
test exec::run::tests::correctness::zero_binding_atom_gates_the_query ... ok
test exec::run::tests::intervals::const_side_touching_residuals_conjoin_into_one_window_query ... ok
test exec::run::tests::intervals::covers_mask_residual_keeps_exactly_the_containment_configurations ... ok
test exec::run::tests::intervals::intersects_mask_residual_keeps_exactly_the_nine_sharing_configurations ... ok
test exec::run::tests::intervals::each_singleton_mask_residual_keeps_exactly_its_configuration ... ok
test exec::run::tests::intervals::allen_masks_agree_with_the_naive_model_through_the_pipelined_pass ... ok
test exec::run::tests::intervals::membership_point_var_join_keeps_exactly_the_contained_events ... ok
test exec::run::tests::intervals::membership_probe_reads_a_carried_cursor_across_middle_nodes ... ok
test exec::run::tests::intervals::overlap_crossover_benchmark ... ignored, manual crossover benchmark — run release with --nocapture
test exec::run::tests::intervals::negated_membership_rejects_only_covered_events ... ok
test exec::run::tests::intervals::point_membership_word_residuals_evaluate_over_slot_words ... ok
test exec::run::tests::mechanics::backtracking_restores_sources_across_sequential_executions ... ok
test exec::run::tests::intervals::the_overlap_enumeration_prunes_the_leaf_batch_to_true_candidates ... ok
test exec::run::tests::mechanics::cover_choice_is_magnitude_first ... ok
test exec::run::tests::mechanics::covers_never_rebind_an_already_bound_variable ... ok
test exec::run::tests::mechanics::point_source_layouts_follow_reordered_covers_without_retaining_values ... ok
test exec::run::tests::mechanics::pinned_siblings_probe_without_hashing ... ok
test exec::run::tests::mechanics::phase_one_hashes_the_whole_batch_before_any_phase_two_probe ... ok
test exec::run::tests::mechanics::dynamic_cover_prefers_the_forced_small_side ... ok
test exec::run::tests::mechanics::residuals_compact_survivors_before_the_sibling_probes ... ok
test exec::run::tests::mechanics::scalar_set_traversal_deduplicates_middle_terminals_and_never_scans_raw_leaves ... ok
test exec::run::tests::mechanics::reused_executor_follows_reordered_dynamic_covers ... ok
test exec::run::tests::intervals::allen_masks_agree_with_the_naive_model_on_a_randomized_corpus ... ok
test exec::run::tests::negation::negated_atom_with_literal_binding_rejects_only_matching_kind ... ok
test exec::run::tests::negation::negation_at_a_middle_node_compacts_before_descending ... ok
test exec::run::tests::negation::negation_over_variables_bound_at_different_nodes ... ok
test exec::run::tests::negation::negation_under_an_aggregate_excludes_rejected_bindings ... ok
test exec::run::tests::negation::outer_join_idiom_halves_are_complementary ... ok
test exec::run::tests::negation::postings_without_tag_ignores_tag_multiplicity ... ok
test exec::run::tests::pipeline::cached_cursor_routes_read_late_occurrences_from_each_new_selection ... ok
test exec::run::tests::negation::zero_binding_negated_atom_is_an_emptiness_gate ... ok
test exec::run::tests::correctness::randomized_differential_against_the_nested_loop_oracle ... ok
test exec::run::tests::pipeline::zero_binding_gate_yields_one_entry_not_the_relation ... ok
test exec::run::tests::pipeline::pipelined_middle_nodes_probe_in_cross_parent_batches ... ok
test exec::run::tests::pipeline::deep_nodes_accumulate_full_batches_across_pump_returns ... ok
test exec::run::tests::scan::bounded_fused_scan_preserves_answers_physical_counters_and_tail_work ... ok
test exec::run::tests::mechanics::results_are_identical_across_batch_sizes ... ok
test exec::kernel::tests::exhaustive_all_8192_masks_times_all_configuration_classes ... ok
test exec::run::tests::scan::fused_scan_propagates_run_and_end_failures_without_successful_fallback ... ok
test exec::run::tests::scan::hoisted_and_per_position_arms_agree ... ok
test exec::run::tests::scan::prepared_scan_routing_survives_batches_and_changing_outer_values ... ok
test exec::run::tests::scan::leaf_scan_residuals_past_eight ... ok
test exec::run::tests::scan::projection_past_eight_words_over_hoisted_runs ... ok
test exec::run::tests::cancellation::randomized_subset_projections_match_the_oracle_under_d2 ... ok
test exec::run::tests::scan::scan_routing_is_prepared_again_after_rule_aim_and_reset ... ok
test exec::run::tests::work_ledger::begin_work_rebinds_reused_colts_before_force_and_execute ... ok
test exec::run::tests::scan::scan_and_batch_paths_agree_across_fixtures ... ok
test exec::run::tests::scan::suffix_traversal_stops_chunk_chains_and_distinguishes_unsupported ... ok
test exec::run::tests::spill_bounded::d09_scratch_stage_visit_is_one_row_and_fallible ... ok
test exec::run::tests::scan::rejecting_fused_scan_stops_within_one_quantum_without_sink_or_fallback ... ok
test api::prepared::tests::view_memo::query_release_deallocates_active_join_pools_without_clearing_shared_cache ... ok
test exec::run::tests::work_ledger::physical_terminal_force_observes_cancellation_and_releases_its_pools ... ok
test exec::run::tests::work_ledger::sibling_width_batch_preserves_first_refusal_and_successful_prefix ... ok
test exec::run::tests::work_ledger::cancelled_leaf_and_pipeline_retain_scratch_and_resume_with_fresh_work ... ok
test exec::run::tests::work_ledger::bind_clears_prior_refusal_before_force ... ok
test exec::run::tests::work_ledger::force_refusal_is_err_not_empty_success ... ok
test exec::scratch::bounds::batch_cardinality_counts_distinct_default_keys_on_both_tiers ... ok
test exec::scratch::bounds::cancelled_spill_does_not_move_or_drop_ram_owners ... ok
test exec::run::tests::work_ledger::cancellation_fires_inside_a_selective_join_that_emits_nothing ... ok
test exec::scratch::bounds::d03_failed_setup_does_not_touch_unowned_directories ... ok
test exec::scratch::bounds::cancelled_insert_preserves_existing_entries ... ok
test exec::scratch::bounds::d03_pack_claim_key_is_three_be64_and_inline ... ok
test exec::scratch::bounds::cancelled_append_stops_source_and_discards_only_the_pending_batch ... ok
test exec::scratch::bounds::d03_value_len_borrows_before_copy ... ok
test exec::scratch::bounds::d03_word_claims_and_early_stop_visitor ... ok
test exec::scratch::bounds::d03_repeated_failed_setup_cleans_only_owned_identity ... ok
test exec::scratch::bounds::cancelled_lookup_is_error_not_miss_and_never_calls_the_visitor ... ok
test exec::scratch::bounds::d03_named_maps_share_one_env ... ok
test exec::scratch::bounds::d03_order_log_shares_one_env ... ok
test exec::scratch::bounds::disk_direct_writes_support_large_small_large_replacement ... ok
test exec::scratch::bounds::cancelled_batch_rolls_back_new_keys_and_replacements_together ... ok
test exec::scratch::bounds::disk_staged_writes_support_large_small_large_replacement ... ok
test exec::scratch::bounds::disk_overwrites_keep_one_entry_and_the_final_value ... ok
test exec::scratch::bounds::dropping_pending_named_map_batch_publishes_neither_direction ... ok
test exec::scratch::bounds::failed_spill_preserves_ram_rows_and_can_retry ... ok
test exec::scratch::bounds::ram_upserts_preserve_exact_current_values ... ok
test exec::scratch::bounds::lookup_walk_visits_inline_and_bucketed_keys_once_and_stops_exactly ... ok
test exec::scratch::bounds::predecessor_queries_agree_across_tiers ... ok
test exec::scratch::bounds::map_full_retry_publishes_one_transaction_and_one_entry ... ok
test exec::scratch::tests::cancellation_stops_scratch_work_at_a_bounded_quantum ... ok
test exec::scratch::bounds::predecessor_queries_ignore_bucketed_keys ... ok
test exec::scratch::bounds::public_batch_retry_commits_named_maps_and_wide_keys_exactly_once ... ok
test exec::scratch::bounds::spill_batch_is_exact_including_oversized_keys ... ok
test exec::scratch::tests::insert_if_absent_is_exact_set_semantics_in_ram ... ok
test exec::run::tests::work_ledger::ordinary_allocation_preserves_large_join_answers_and_pool_lifetimes ... ok
test exec::scratch::bounds::wide_keys_remain_exact_after_cancelled_mutation ... ok
test exec::scratch::bounds::staged_inline_upserts_preserve_values_and_counts ... ok
test exec::colt::tests::dense::skewed_maps_size_by_the_formula_and_iterate_densely ... ok
test exec::scratch::tests::disposal_removes_the_scratch_directory ... ok
test exec::scratch::tests::forced_spill_before_first_group_matches_ram_answers ... ok
test exec::sink::aggregate::reduce::tests::signed_sum_decodes_after_accumulation_without_an_i128_intermediate_limit ... ok
test exec::sink::aggregate::reduce::tests::signed_reductions_match_scalar_folds_across_strides_and_selections ... ok
test exec::sink::projection::tests::batch_routes_follow_exact_layouts_and_rule_aim_without_growing ... ok
test exec::sink::tests::aggregate::aggregate_leaf_batches_match_the_scalar_fold_at_the_boundary ... ok
test exec::sink::projection::tests::generated_resident_rows_preserve_mixed_columns_order_boundaries_and_reuse ... ok
test exec::sink::tests::aggregate::cardinality_failure_precedes_finalization_and_reset_clears_the_failure ... ok
test exec::sink::tests::aggregate::constant_over_slot_folds_value_times_count ... ok
test exec::sink::tests::aggregate::count_only_dedup_folds_without_survivor_collection ... ok
test exec::sink::projection::tests::scan_gather_grows_geometrically_within_one_window ... ok
test exec::sink::tests::aggregate::dense_group_tables_match_the_hashed_map_word_for_word ... ok
test exec::sink::tests::aggregate::float_sum_mean_share_one_exact_lane_and_preserve_compact_integer_state ... ok
test exec::sink::tests::aggregate::dedup_constant_group_collapses_duplicates_before_folding ... ok
test exec::sink::tests::aggregate::interval_group_keys_span_both_words ... ok
test exec::scratch::tests::the_spill_transition_preserves_every_entry_and_order ... ok
test exec::sink::tests::aggregate::pack_finalize_orders_claims_by_start_word_alone ... ok
test exec::run::tests::probe_runs::store_free_sibling_runs_match_scalar_probes_and_reuse_pools ... ok
test exec::scratch::tests::oversized_keys_use_exact_buckets_not_hash_verdicts ... ok
test exec::sink::tests::aggregate::the_dnf_union_seen_set_keys_shared_slot_arrays_across_clone_layouts ... ok
test exec::scratch::tests::updates_replace_values_across_both_tiers ... ok
test exec::sink::tests::aggregate::the_union_seen_set_keys_head_projections_across_rule_layouts ... ok
test exec::sink::tests::aggregate::union_reaim_invalidates_fold_sources_even_with_the_same_leaf_layout ... ok
test exec::sink::tests::aggregate::written_union_does_not_share_float_inputs_that_alias_in_only_one_rule ... ok
test exec::sink::tests::borrowed_rows::borrowed_batch_refusal_restores_routes_after_reset_and_release ... ok
test exec::sink::tests::aggregate::spilled_partition_merge_refuses_cardinality_overflow ... ok
test exec::sink::tests::aggregate::constant_group_batches_fold_once_per_run ... ok
test exec::sink::tests::borrowed_rows::borrowed_row_refusal_restores_staging_before_reset_and_release ... ok
test exec::sink::tests::borrowed_rows::borrowed_row_union_keys_keep_repeated_spans_across_reaim ... ok
test exec::sink::tests::aggregate::shared_batch_reductions_follow_selection_and_layout_changes ... ok
test exec::sink::tests::borrowed_rows::borrowed_shape_cache_follows_layout_contents_at_the_same_address ... ok
test exec::sink::tests::borrowed_rows::witnessed_rows_do_not_stage_bindings_and_reuse_warm_storage ... ok
test exec::sink::tests::aggregate::wide_pack_group_heads_survive_explicit_partition_flush ... ok
test exec::sink::tests::memory::release_preserves_dense_group_shape_and_exact_float_folds ... ok
test exec::sink::tests::borrowed_rows::borrowed_float_aliases_are_exact_across_layouts_and_partition_flushes ... ok
test exec::sink::tests::pack::cancelled_pack_stops_at_its_poll_quantum_and_finalizes_no_rows ... ok
test exec::sink::tests::aggregate::pack_group_spill_streams_the_same_maximal_segments ... ok
test exec::sink::tests::borrowed_rows::borrowed_pack_reads_both_endpoints_across_layouts_and_partition_flushes ... ok
test exec::sink::tests::pack::d11_d19_float_endpoints_keep_canonical_order_across_spills ... ok
test exec::sink::tests::memory::release_closes_spill_and_forgets_cancelled_work_before_reuse ... ok
test exec::sink::tests::memory::release_frees_nested_pack_capacity_after_large_to_small_reuse ... ok
test exec::sink::tests::pack::d11_leading_0xfe_narrow_group_is_not_token_mode ... ok
test exec::sink::tests::pack::sink_progress_finish_after_successful_finalize ... ok
test exec::sink::tests::projection::duplicate_witness_projection_dedups_and_skips_suffixes ... ok
test exec::sink::tests::pack::d11_wide_groups_use_scratch_tokens_and_survive_collisions ... ok
test exec::sink::tests::projection::interval_projection_carries_both_slot_words ... ok
test exec::sink::tests::pack::d11_interleaved_adjacent_gapped_and_duplicate_claims ... ok
test exec::sink::tests::semantics::global_aggregate_over_empty_input_yields_zero_rows ... ok
test exec::sink::tests::projection::pinned_leaf_skips_preserve_d2 ... ok
test exec::sink::tests::semantics::joining_a_three_tag_relation_triples_the_sum ... ok
test exec::sink::tests::semantics::min_and_max_honor_logical_i64_order_across_the_sign_boundary ... ok
test exec::sink::tests::pack::d11_reverse_overlap_across_flushes_unions_to_one_segment ... ok
test exec::sink::tests::semantics::sum_is_order_independent_near_the_boundary ... ok
test exec::sink::tests::semantics::sum_distinguishes_bound_fresh_ids_and_collapses_unbound_ones ... ok
test exec::sink::tests::semantics::witnessed_elision_matches_the_seen_set_path ... ok
test exec::sink::tests::projection::projection_scan_filters_residuals_like_the_oracle ... ok
test exec::sink::tests::stage_spill::bulk_hashed_insert_matches_cancellation_boundaries_stickiness_and_reuse ... ok
test exec::sink::tests::pack::d19_exact_sum_count_not_rounded_before_emit ... ok
test exec::sink::tests::stage_spill::bulk_unique_append_observes_cancellation_at_the_same_poll_row ... ok
test exec::sink::tests::stage_spill::bulk_unique_append_matches_each_row_at_capacity_and_poll_boundaries ... ok
test exec::sink::tests::stage_spill::d09_drain_since_early_stop_is_not_an_error ... ok
test exec::sink::tests::stage_spill::d09_drain_since_propagates_failure_immediately ... ok
test exec::sink::tests::pack::pack_spill_directory_is_owned_until_sink_release ... ok
test exec::sink::tests::stage_spill::cancelled_destination_refuses_stream_without_consuming_source ... ok
test exec::sink::tests::stage_spill::d09_tiny_finalize_never_opens_scratch_env ... ok
test exec::sink::tests::aggregate::group_state_spill_matches_resident_bits_before_during_and_after_first_group ... ok
test exec::sink::tests::stage_spill::d09_tiny_projection_stream_never_opens_scratch_env ... ok
test exec::sink::tests::stage_spill::direct_hashed_kernel_preserves_cancellation_stickiness_and_reuse ... ok
test exec::sink::tests::stage_spill::d09_large_finalize_dest_spills_boundedly ... ok
test exec::sink::tests::stage_spill::explicit_transition_preserves_duplicates_and_insertion_order ... ok
test exec::sink::tests::stage_spill::d09_aggregate_stream_finalize_stays_one_row_per_group ... ok
test exec::sink::tests::stage_spill::finalize_preserves_producer_cancellation_without_opening_destination ... ok
test exec::sink::tests::stage_spill::generated_unique_rows_do_not_publish_an_unfinished_span_on_panic ... ok
test exec::sink::tests::stage_spill::proved_output_append_keeps_work_quantum_failure_sticky_and_reuses_capacity ... ok
test exec::sink::tests::stage_spill::failed_hashed_transition_keeps_the_resident_set_and_can_retry ... ok
test exec::sink::tests::stage_spill::resident_dedup_polls_duplicates_at_the_exact_work_quantum_and_stops_stickily ... ok
test exec::sink::tests::stage_spill::d09_projection_stream_into_scratch_matches_resident ... ok
test api::prepared::tests::correctness::keyed_fallback_uses_selection_fields_and_preserves_typed_keys ... ok
test exec::wordmap::tests::behavior::bulk_rows_refuse_incomplete_rows - should panic ... ok
test exec::wordmap::tests::behavior::bulk_rows_refuse_zero_arity_even_for_empty_words - should panic ... ok
test exec::wordmap::tests::behavior::clear_retains_ctrl_until_saturation_forces_the_physical_reset ... ok
test exec::sink::tests::stage_spill::failed_proved_output_transition_preserves_rows_and_can_retry ... ok
test exec::wordmap::tests::behavior::duplicates_at_the_load_boundary_do_not_grow_or_rehash ... ok
test exec::run::tests::pipeline::pipelined_executor_matches_oracle ... ok
test exec::wordmap::tests::behavior::grow_rewrites_the_dense_list_in_place ... ok
test exec::wordmap::tests::behavior::growth_layout_refuses_unrepresentable_slots_and_words_before_allocation ... ok
test exec::wordmap::tests::behavior::insert_dedups_and_survives_rehash ... ok
test exec::sink::tests::stage_spill::bulk_hashed_insert_preserves_transition_order_and_early_stop ... ok
test exec::wordmap::tests::behavior::a_covering_hint_never_grows ... ok
test exec::wordmap::tests::behavior::panicking_constructor_never_publishes_a_fresh_or_stale_slot ... ok
test exec::wordmap::tests::behavior::read_only_key_lookup_preserves_exact_identity_and_recycled_generations ... ok
test exec::wordmap::tests::behavior::representation_bound_counts_entries_not_declared_bytes ... ok
test exec::wordmap::tests::behavior::bulk_rows_preserve_exact_single_row_state_through_growth_and_reuse ... ok
test exec::wordmap::tests::behavior::values_accumulate_through_get_or_insert ... ok
test exec::wordmap::tests::behavior::the_ctrl_mirror_tracks_the_head ... ok
test exec::wordmap::tests::behavior::zero_arity_keys_share_one_group ... ok
test exec::wordmap::tests::contracts::probe_steps_stay_near_one_at_max_load ... ok
test exec::sink::tests::stage_spill::bulk_unique_append_preserves_order_across_explicit_transition_boundaries ... ok
test exec::wordmap::tests::contracts::tail_padded_code_families_spread_across_home_buckets ... ok
test exec::wordmap::tests::pins::const_arity_k4_insert_beats_the_dyn_arm ... ignored, microbench pin: run explicitly with --ignored
test exec::wordmap::tests::contracts::the_unfinalized_fold_fails_the_home_spread_gate - should panic ... ok
test image::build::capacity_tests::slab_bound_covers_every_alignment_and_pitch_boundary ... ok
test image::build::capacity_tests::tiny_image_retention_is_payload_plus_alignment_not_pitch_slack ... ok
test image::cache::tests::acquire_is_the_production_pin_and_idle_memos_are_weak ... ok
test image::cache::tests::a_newer_generation_rebuilds_and_retires_the_old_entry ... ok
test image::cache::tests::an_old_pinned_generation_builds_query_local_after_a_newer_landed ... ok
test image::cache::tests::clear_detaches_cache_entries_without_invalidating_a_held_image ... ok
test image::cache::tests::closed_images_release_the_retired_owner_when_the_last_reader_drops ... ok
test image::cache::tests::closed_relations_synthesize_once_per_owner_and_trim_detaches_them ... ok
test image::cache::tests::d02_shared_meanings_survive_trim_and_do_not_alias ... ok
test image::cache::tests::d02_concurrent_trim_and_admit_keep_pinned_meanings ... ok
test exec::sink::projection::tests::generated_rows_preserve_mixed_columns_and_order_across_spill_and_reuse ... ok
test image::cache::tests::heap_ticks_never_memoize ... ok
test image::cache::tests::numeric_images_survive_clear_and_release_after_the_last_reader ... ok
test image::cache::tests::late_old_owner_builds_never_repopulate_or_displace_current_images ... ok
test image::cache::tests::ordinary_and_closed_images_release_independently_of_cache_membership ... ok
test image::cache::tests::same_generation_reads_hit_the_memo ... ok
test image::cache::tests::rotation_does_not_alias_old_and_new_tokens ... ok
test image::canon::string_field_tests::d02_row_words_string_field_marks_string_columns ... ok
test image::canon::string_field_tests::prepared_row_releases_words_but_keeps_its_schema ... ok
test image::distinct::tests::cancellation_during_statistics_rehash_preserves_the_original_set ... ok
test image::distinct::tests::cancellation_never_publishes_counts_and_also_stops_cached_reads ... ok
test image::distinct::tests::duplicate_statistics_at_half_capacity_do_not_grow_or_allocate ... ok
test image::distinct::tests::collision_probes_are_exact_and_observe_cancellation_within_a_quantum ... ok
test image::distinct::tests::growing_statistics_release_the_old_table_and_failed_growth_leaves_it_whole ... ok
test image::distinct::tests::multiword_and_byte_counts_reset_on_reuse_growth_and_failed_drain ... ok
test image::distinct::tests::concurrent_statistics_publish_the_same_exact_scalar ... ok
test exec::wordmap::tests::behavior::iteration_is_dense_and_insertion_ordered_after_high_water ... ok
test image::intern::tests::cancellation_is_checked_on_both_hits_and_misses_before_mutation ... ok
test image::intern::tests::exact_bytes_define_identity_including_empty_unicode_and_long_prefixes ... ok
test image::intern::tests::generation_aware_compare_never_aliases_rotated_tokens ... ok
test image::intern::tests::handles_pin_the_same_allocation_and_warm_interning_allocates_nothing ... ok
test image::distinct::tests::exact_counts_are_lazy_and_leave_no_live_tables ... ok
test image::intern::tests::reclamation_preserves_live_owners_and_never_reuses_tokens ... ok
test image::intern::tests::text_free_probe_cannot_silently_resolve_or_compare_text ... ok
test image::intern::tests::token_exhaustion_never_mints_the_sentinel_or_wraps_after_reclamation ... ok
test exec::wordmap::tests::behavior::generational_clear_never_ghosts_and_reclaims_warm_slots ... ok
test exec::sink::tests::stage_spill::direct_hashed_kernel_preserves_duplicates_and_order_across_explicit_transition ... ok
test image::tests::closed::a_columnless_vocabulary_synthesizes_to_its_id_column_alone ... ok
test image::tests::corruption::f64_interval_with_nan_endpoint_refuses_like_strict_decode ... ok
test image::tests::closed::synthesis_lays_the_id_column_then_every_canonical_encoding ... ok
test image::tests::corruption::noncanonical_floats_and_inverted_intervals_refuse ... ok
test image::tests::corruption::wrong_tags_bad_bools_and_arity_refuse ... ok
test image::tests::corruption::truncated_rows_refuse_as_corruption ... ok
test image::tests::decode::byte_size_covers_rows_and_slab_slack ... ok
test image::tests::decode::columns_equal_per_field_values_of_the_rows ... ok
test image::tests::decode::i64_word_order_matches_logical_order ... ok
test exec::wordmap::tests::contracts::false_tag_rate_stays_at_the_design_point_on_adversarial_keys ... ok
test image::tests::decode::zero_row_relation_builds_an_empty_image ... ok
test image::tests::decode::text_columns_hold_interner_tokens_with_exact_identity ... ok
test image::tests::fixed_bytes::a_wrong_width_stored_blob_refuses_typed ... ok
test image::tests::fixed_bytes::fixed_bytes_fields_decode_into_padded_word_columns ... ok
test image::tests::interval::dense_float_intervals_decode_into_order_key_word_pairs ... ok
test image::tests::interval::interval_field_decodes_into_two_word_columns_with_golden_words ... ok
test image::tests::stride_ab::corpus_shapes_move_only_where_the_band_says ... ignored, host-pinned falsifier: the expected set transcribes the reference host's allocator layout — run on the macOS M2 Max
test image::tests::stride_ab::stride_band_ab_falsifier ... ignored, measured falsifier: run release through scripts/measure.sh
test image::tests::decode::distinct_counts_are_exact ... ok
test image::tests::stride_ab::stride_band_ab_falsifier_small_pitch ... ignored, measured falsifier: run release through scripts/measure.sh
test image::tests::stride_ab::stride_band_ab_residue_128_discriminator ... ignored, measured falsifier: run release through scripts/measure.sh
test image::tests::stride_ab::stride_band_residue_sweep ... ignored, measured falsifier: run release through scripts/measure.sh
test image::tests::stride_ab::widened_band_pads_the_kilobyte_residue ... ok
test image::tests::text_owners::decoded_rows_own_text_until_replacement_and_discard_failed_partial_decodes ... ok
test image::tests::stride::twelve_column_bases_are_aligned_and_stride_padded ... ok
test image::tests::text_owners::failed_refill_drops_partial_text_owners_and_remains_reusable ... ok
test image::tests::text_owners::derived_rows_own_their_text_after_the_source_and_old_readers_drop ... ok
test image::tests::text_owners::concurrent_collection_preserves_images_and_atomically_acquired_text_owners ... ok
test image::tests::text_owners::refill_cannot_confuse_equal_token_bits_from_different_namespaces ... ok
test image::tests::text_owners::unknown_resident_text_cannot_publish_a_derived_image ... ok
test image::tests::timing::image_build_split_evidence ... ignored, timing evidence, run by hand on the reference host
test exec::scratch::tests::growth_keeps_the_chosen_representation_without_a_hidden_threshold ... ok
test image::view::eval::text_eq_holds::string_eq_ne_compare_exact_pinned_text_and_never_match_the_sentinel ... ok
test image::view::tests::any_point_in_matches_any_element_of_the_bound_set ... ok
test image::view::tests::field_within_is_scalar_membership_in_the_constant_interval ... ok
test image::view::tests::conjunction_over_mixed_width_fields_matches_the_naive_oracle ... ok
test image::view::tests::interval_constants_compare_pairwise_under_eq ... ok
test image::view::tests::no_predicates_yield_the_all_variant ... ok
test image::view::tests::param_set_eq_matches_any_element_over_a_scalar_column ... ok
test image::view::tests::numeric_set_membership_does_not_interpret_high_bits_as_text_tokens ... ok
test image::tests::text_owners::unique_large_to_small_refill_releases_obsolete_text_and_reuses_warm_storage ... ok
test image::view::tests::point_in_keeps_start_boundary_and_drops_end_boundary ... ok
test image::view::tests::same_atom_interval_shapes_evaluate_their_fixed_compositions ... ok
test image::view::tests::reapplying_the_same_filter_to_the_built_image_is_stable ... ok
test image::view::tests::unsatisfiable_filter_yields_an_empty_survivor_set ... ok
test image::view::tests::same_fact_field_equality_pairs_work ... ok
test interval::overlap::tests::adjacency_shares_no_point_and_rays_hit_everything_after_their_start ... ok
test exec::sink::tests::stage_spill::proved_output_append_matches_ordered_set_across_ram_spill_and_reuse ... ok
test interval::overlap::tests::groups_build_once_on_the_second_probe_and_key_on_full_words ... ok
test interval::overlap::tests::once_probed_groups_never_build ... ok
test interval::overlap::tests::directory_growth_preserves_every_index ... ok
test interval::sweep::tests::a_window_ignores_gaps_outside_itself ... ok
test interval::sweep::tests::adjacency_continues_and_the_minimal_gap_breaks ... ok
test interval::sweep::tests::consumed_segments_are_handed_over_in_order_and_gaps_convict_first ... ok
test interval::sweep::tests::coverage_verdict_matches_the_naive_subset_check ... ok
test interval::sweep::tests::empty_input_packs_nothing_and_covers_nothing ... ok
test interval::sweep::tests::overlap_and_containment_fold_into_one_run ... ok
test image::tests::text_owners::images_pin_distinct_text_not_every_row_or_the_other_images_history ... ok
test interval::sweep::tests::rays_are_ordinary_largest_end_words ... ok
test ir::normalize::fold::tests::a_negated_occurrence_contradiction_is_no_rule_verdict ... ok
test ir::normalize::fold::tests::a_pinned_point_outside_a_constant_interval_kills_the_rule ... ok
test ir::normalize::fold::tests::a_point_at_the_interval_start_survives ... ok
test ir::normalize::fold::tests::a_point_outside_the_constant_interval_is_statically_empty ... ok
test ir::normalize::fold::tests::a_refuted_literal_allen_pair_is_statically_empty ... ok
test ir::normalize::fold::tests::a_repeated_eq_constant_survives ... ok
test ir::normalize::fold::tests::a_single_point_range_survives ... ok
test image::view::eval::gate::exhaustive_filter_predicate_matches_live_in_two_modules ... ok
test ir::normalize::fold::tests::an_admitted_literal_allen_pair_survives ... ok
test ir::normalize::fold::tests::an_empty_range_summary_is_statically_empty ... ok
test ir::normalize::fold::tests::an_allen_equals_pin_refutes_a_sibling_literal_mask ... ok
test ir::normalize::fold::tests::an_eq_constant_in_the_trimmed_set_survives ... ok
test ir::normalize::fold::tests::an_empty_word_set_kills_and_a_word_set_eq_intersection_kills ... ok
test ir::normalize::fold::tests::an_eq_constant_missing_from_the_set_is_statically_empty ... ok
test ir::normalize::fold::tests::an_eq_constant_on_the_range_edge_survives ... ok
test ir::normalize::fold::tests::an_eq_constant_outside_the_range_is_statically_empty ... ok
test ir::normalize::fold::tests::an_eq_pin_subsumes_its_folded_bounds ... ok
test ir::normalize::fold::tests::an_order_conjunction_folds_to_one_summary ... ok
test ir::normalize::fold::tests::contradictory_order_filters_kill_the_rule ... ok
test ir::normalize::fold::tests::an_eq_outside_the_summary_kills_the_rule_with_the_rendered_picture ... ok
test ir::normalize::fold::tests::param_and_ne_conditions_never_fold ... ok
test ir::normalize::fold::tests::two_distinct_eq_constants_are_statically_empty ... ok
test ir::normalize::fold::tests::the_off_switch_keeps_constituents_and_verdicts_away ... ok
test ir::normalize::lower_literal::tests::word_buf_matches_the_padded_chunking ... ok
test ir::normalize::tests::cross_atom_membership_variable_lowers_to_point_in_over_the_binding ... ok
test ir::normalize::tests::constant_point_membership_lowers_to_point_in ... ok
test ir::normalize::tests::fixed_bytes_literals_lower_to_padded_words_with_no_dict_traffic ... ok
test ir::normalize::tests::interval_literals_lower_to_encoded_word_pairs ... ok
test ir::normalize::tests::cross_atom_allen_becomes_the_mask_residual ... ok
test image::intern::tests::resident_text_has_no_fixed_cache_allowance ... ok
test ir::normalize::tests::literal_and_param_bindings_lower_to_eq_filters ... ok
test ir::normalize::tests::negated_atom_with_literal_binding_lowers_to_anti_probe ... ok
test ir::normalize::tests::interval_param_equality_binding_stays_an_eq_compare ... ok
test ir::normalize::tests::range_comparison_pushes_down_and_cross_atom_comparison_is_residual ... ok
test ir::normalize::tests::occurrence_vars_are_duplicate_free_over_generated_inputs ... ok
test ir::normalize::tests::same_atom_allen_lowers_to_the_mask_carrying_shape ... ok
test ir::normalize::tests::residuals_are_never_single_occurrence_across_the_new_kinds ... ok
test ir::normalize::tests::same_atom_membership_variable_lowers_to_the_field_composition ... ok
test ir::normalize::tests::repeated_variable_lowers_and_executes_through_the_evaluator ... ok
test ir::normalize::tests::same_atom_var_var_comparison_lowers_to_a_filter ... ok
test ir::normalize::tests::same_relation_atoms_get_distinct_occurrences_with_independent_filters ... ok
test ir::normalize::tests::scalar_param_set_binding_is_the_selection_set_marker ... ok
test ir::normalize::tests::string_literals_stay_raw_as_pending_interns ... ok
test ir::normalize::tests::sweep_param_set_comparison_placements ... ok
test ir::normalize::tests::sweep_contains_param_placements ... ok
test ir::normalize::tests::sweep_scalar_var_const_placements ... ok
test ir::normalize::tests::zero_binding_atom_becomes_an_empty_occurrence ... ok
test ir::render::tests::calendar_union_golden ... ok
test ir::render::tests::f64_literal_uses_canonical_ieee_bits ... ok
test ir::render::tests::closed_reference_handles_golden ... ok
test interval::sweep::tests::packed_output_matches_the_naive_point_set ... ok
test ir::normalize::tests::sweep_scalar_var_var_placements ... ok
test ir::render::tests::mask_union_spelling ... ok
test ir::render::tests::membership_and_param_forms ... ok
test ir::render::tests::malformed_queries_render_with_placeholders ... ok
test ir::tests::aggregate_balance_by_account ... ok
test ir::render::tests::uuid_literal_renders_quoted ... ok
test ir::render::tests::pack_head_golden ... ok
test ir::render::tests::selection_negation_and_literal_mask_golden ... ok
test ir::tests::anti_join_with_param_set_shape ... ok
test ir::tests::containment_walk_join_with_range_condition ... ok
test ir::tests::interval_converts_through_the_checked_type ... ok
test ir::tests::point_lookup_by_param_bound_key ... ok
test ir::tests::zero_binding_atom_is_a_nonemptiness_gate ... ok
test ir::tests::value_covers_every_data_model_type ... ok
test ir::validate::tests::accept::accepts_a_general_interval_literal_allen_against_a_fixed_width_var ... ok
test ir::validate::tests::accept::accepts_a_mixed_width_allen_pair_of_one_element_domain ... ok
test ir::validate::tests::accept::accepts_a_ray_literal_and_the_last_point ... ok
test ir::validate::tests::accept::accepts_a_variable_joined_across_two_interval_fields ... ok
test ir::validate::tests::accept::accepts_all_aggregate_finds ... ok
test ir::validate::tests::accept::accepts_an_element_literal_in_an_interval_field_position ... ok
test ir::validate::tests::accept::accepts_literals_params_and_sets_inside_negated_atoms ... ok
test ir::validate::tests::accept::accepts_a_zero_binding_negated_atom_as_an_emptiness_gate ... ok
test ir::validate::tests::accept::accepts_membership_bound_variable_with_a_scalar_binding_elsewhere ... ok
test ir::validate::tests::accept::accepts_pack_and_pins_the_interval_result_type ... ok
test ir::validate::tests::accept::accepts_pack_across_rules ... ok
test ir::validate::tests::accept::accepts_params_anchored_by_fields_and_comparisons ... ok
test ir::validate::tests::accept::accepts_param_sets_in_bindings_and_under_eq ... ok
test ir::validate::tests::accept::accepts_repeated_variable_within_one_atom ... ok
test ir::validate::tests::accept::accepts_zero_binding_atoms ... ok
test ir::validate::tests::accept::accepts_the_containment_walk_join_with_conditions ... ok
test ir::validate::tests::accept::param_anchoring_is_total_by_construction ... ok
test ir::validate::tests::accept::pack_forgets_input_width_and_combines_fixed_and_general_arms ... ok
test ir::validate::tests::accept::point_params_are_the_element_typed_interval_position_params ... ok
test ir::validate::tests::interior::a_plain_query_still_validates ... ok
test ir::validate::tests::interior::interior_anchors_resolve_against_sealed_columns ... ok
test ir::validate::tests::interior::an_interval_interior_column_reads_bivalently ... ok
test ir::validate::tests::interior::more_than_sixteen_interiors_still_validate ... ok
test ir::validate::tests::interior::query_global_params_unify_across_interiors ... ok
test ir::validate::tests::interior::negation_of_an_interior_in_main_is_legal ... ok
test ir::validate::tests::interior::rejects_an_interior_reading_a_later_interior ... ok
test ir::validate::tests::interior::rejects_a_negated_phantom_read ... ok
test ir::validate::tests::interior::rejects_empty_interior ... ok
test ir::validate::tests::interior::rejects_interior_column_out_of_range ... ok
test ir::validate::tests::interior::rejects_interior_not_prior ... ok
test ir::validate::tests::interior::rejects_unknown_interior ... ok
test ir::validate::tests::rec::a_rec_step_whose_dnf_is_empty_is_empty_recursive_step ... ok
test ir::validate::tests::rec::an_interior_reading_the_rec_is_not_prior ... ok
test ir::validate::tests::rec::a_linear_reach_validates ... ok
test ir::validate::tests::rec::rec_pool_caps_base_plus_rec ... ok
test ir::validate::tests::rec::negation_of_finished_rec_in_main_is_legal ... ok
test ir::validate::tests::rec::recursive_arms_align_against_the_base_row ... ok
test ir::validate::tests::rec::rejects_nonlinear_rec_arm ... ok
test ir::validate::tests::rec::rejects_self_in_base ... ok
test ir::validate::tests::reject::a_param_position_does_not_bind_a_negated_variable_even_when_written_after_it ... ok
test ir::validate::tests::reject::an_aggregate_output_does_not_bind_a_negated_variable_even_when_written_after_it ... ok
test ir::validate::tests::reject::negated_occurrences_count_toward_the_occurrence_cap ... ok
test image::tests::stride::big_column_strides_avoid_the_tracker_band ... ok
test ir::validate::tests::reject::order_operator_on_fixed_bytes_gets_the_dedicated_diagnostic ... ok
test ir::validate::tests::reject::order_operator_on_two_bivalent_interval_variables ... ok
test ir::validate::tests::reject::order_operator_on_an_interval_gets_the_dedicated_diagnostic ... ok
test ir::validate::tests::reject::rejects_a_membership_only_variable ... ok
test ir::validate::tests::reject::rejects_a_negated_atom_variable_unbound_by_positive_atoms ... ok
test ir::validate::tests::reject::accepts_order_comparison_on_bool_in_both_written_orders ... ok
test ir::validate::tests::reject::rejects_a_point_literal_at_the_ceiling_under_point_in ... ok
test ir::validate::tests::reject::rejects_a_width_matched_ray_literal_at_a_fixed_width_field ... ok
test ir::validate::tests::reject::rejects_a_param_id_used_both_scalar_and_set ... ok
test ir::validate::tests::reject::rejects_a_wrong_width_fixed_bytes_literal ... ok
test ir::validate::tests::reject::rejects_a_point_literal_at_the_ceiling_in_a_membership_binding ... ok
test ir::validate::tests::reject::rejects_a_second_pack_term ... ok
test ir::validate::tests::reject::rejects_a_wrong_width_interval_literal_at_a_fixed_width_field ... ok
test ir::validate::tests::reject::rejects_an_allen_pair_across_element_domains_whatever_the_widths ... ok
test ir::validate::tests::reject::rejects_aggregate_over_group_key ... ok
test ir::validate::tests::reject::rejects_allen_over_non_interval_sides ... ok
test ir::validate::tests::reject::rejects_an_interval_typed_param_set_anchor ... ok
test ir::validate::tests::reject::rejects_comparison_only_variable ... ok
test ir::validate::tests::reject::rejects_conflicting_param_anchors ... ok
test ir::validate::tests::reject::rejects_constant_comparison ... ok
test ir::validate::tests::reject::rejects_cross_type_comparison ... ok
test ir::validate::tests::reject::rejects_duplicate_field_binding ... ok
test ir::validate::tests::reject::rejects_duplicate_find_terms ... ok
test ir::validate::tests::reject::rejects_empty_finds ... ok
test ir::validate::tests::reject::rejects_literal_type_mismatch ... ok
test ir::validate::tests::reject::rejects_min_and_max_over_fixed_bytes ... ok
test ir::validate::tests::reject::rejects_more_atoms_than_the_planner_cap_at_the_boundary ... ok
test ir::validate::tests::reject::rejects_negated_atoms_without_any_positive_atom ... ok
test ir::validate::tests::reject::rejects_min_and_max_over_str ... ok
test ir::validate::tests::reject::rejects_folds_over_bool ... ok
test ir::validate::tests::reject::rejects_no_positive_atoms ... ok
test ir::validate::tests::reject::rejects_order_comparison_on_string_in_both_written_orders ... ok
test ir::validate::tests::reject::rejects_order_comparison_on_a_closed_reference ... ok
test ir::validate::tests::reject::rejects_pack_beside_a_fold_aggregate ... ok
test ir::validate::tests::reject::rejects_pack_over_a_group_key_variable ... ok
test ir::validate::tests::reject::rejects_pack_over_a_non_interval_variable ... ok
test ir::validate::tests::reject::rejects_param_set_under_ne ... ok
test ir::validate::tests::reject::rejects_more_distinct_variables_than_the_bitset_at_the_boundary ... ok
test ir::validate::tests::reject::rejects_point_membership_of_a_closed_reference ... ok
test ir::validate::tests::reject::rejects_point_in_between_two_intervals ... ok
test ir::validate::tests::reject::rejects_sparse_param_ids ... ok
test ir::validate::tests::reject::rejects_self_comparison ... ok
test ir::validate::tests::reject::rejects_the_empty_allen_mask ... ok
test ir::validate::tests::reject::rejects_the_full_allen_mask ... ok
test ir::validate::tests::reject::rejects_sum_over_non_integer ... ok
test ir::validate::tests::reject::rejects_unbound_find_variable ... ok
test ir::validate::tests::reject::rejects_unknown_field ... ok
test ir::validate::tests::reject::rejects_variable_type_conflict ... ok
test ir::validate::tests::reject::rejects_unknown_relation ... ok
test ir::validate::tests::rules::dnf_blowup_past_the_cap_is_typed_with_the_count ... ok
test ir::validate::tests::rules::dnf_distributes_or_pairs_to_four_rules ... ok
test ir::validate::tests::rules::duplicate_rules_after_distribution_collapse ... ok
test ir::validate::tests::rules::head_aggregate_mismatch_names_the_position ... ok
test ir::validate::tests::rules::head_aggregate_op_kind_mismatch_is_the_same_error ... ok
test ir::validate::tests::rules::head_arity_mismatch_names_the_rule ... ok
test ir::validate::tests::rules::empty_and_nested_trees_lower_algebraically ... ok
test ir::validate::tests::rules::head_type_mismatch_names_rule_and_position ... ok
test ir::validate::tests::rules::params_are_query_global_and_unify_across_rules ... ok
test ir::validate::tests::rules::the_empty_rule_set_is_rejected ... ok
test ir::validate::tests::rules::param_density_is_judged_across_the_whole_program ... ok
test ir::validate::tests::rules::the_rule_cap_is_rejected_one_past_the_line ... ok
test ir::validate::tests::rules::the_single_rule_program_is_the_degenerate_case ... ok
test ir::validate::tests::rules::variables_are_rule_scoped_so_one_var_id_may_differ_in_type ... ok
test ir::validate::tests::rules::projection_heads_admit_variables_and_computations_in_either_order ... ok
test plan::fj::tests::build::binary2fj_matches_the_papers_chain_example ... ok
test plan::fj::tests::build::binary2fj_and_factor_match_the_papers_clover_example ... ok
test plan::fj::tests::build::fold_split_leaves_unmixed_levels_alone ... ok
test ir::validate::tests::signature::the_signature_table_pins_every_head_form ... ok
test plan::fj::tests::build::gj_split_keeps_same_node_variable_pairs_whole ... ok
test plan::fj::tests::build::gj_split_leaves_the_chain_binary_shaped ... ok
test plan::fj::tests::build::fold_split_moves_group_only_lookups_to_the_prefix ... ok
test plan::fj::tests::build::fold_split_prefixes_group_variables ... ok
test plan::fj::tests::distinct_proof::a_determined_interval_row_does_not_determine_membership_points ... ok
test plan::fj::tests::distinct_proof::a_non_equality_pin_does_not_bind_its_field ... ok
test plan::fj::tests::distinct_proof::a_point_membership_probe_does_not_bind_its_interval_field ... ok
test plan::fj::tests::build::gj_split_lowers_the_triangle_to_the_gj_plan ... ok
test plan::fj::tests::distinct_proof::an_equality_pinned_field_completes_the_whole_row_cover ... ok
test plan::fj::tests::distinct_proof::complete_interval_equality_pins_license_the_pointwise_witness ... ok
test plan::fj::tests::distinct_proof::declared_key_cover_still_proves_a_partial_row ... ok
test plan::fj::tests::distinct_proof::derived_occurrences_are_never_proven ... ok
test plan::fj::tests::distinct_proof::every_participating_occurrence_must_be_covered ... ok
test plan::fj::tests::distinct_proof::negated_occurrences_need_no_cover ... ok
test plan::fj::tests::distinct_proof::partial_cover_without_a_key_does_not_prove ... ok
test plan::fj::tests::distinct_proof::output_key_coverage_is_stronger_than_full_binding_distinctness ... ok
test plan::fj::tests::distinct_proof::pointwise_law_rejects_distinct_rows_with_equal_complete_keys ... ok
test plan::fj::tests::distinct_proof::projected_composite_key_accepts_only_equality_single_value_pins ... ok
test plan::fj::tests::distinct_proof::projection_dependencies_never_cross_nonkeys_or_negative_guards ... ok
test plan::fj::tests::distinct_proof::projection_proof_covers_each_positive_occurrence_but_not_negative_guards ... ok
test plan::fj::tests::distinct_proof::projection_proof_never_confuses_a_point_with_a_complete_interval_key ... ok
test plan::fj::tests::distinct_proof::projection_dependencies_close_over_hidden_keys_independently_of_atom_order ... ok
test plan::fj::tests::distinct_proof::pointwise_keys_require_the_complete_interval_and_scalar_group ... ok
test plan::fj::tests::distinct_proof::projection_proof_rejects_positive_derived_occurrences ... ok
test plan::fj::tests::distinct_proof::whole_row_cover_proves_without_declared_keys ... ok
test plan::fj::tests::selections::a_leaked_eq_filter_fails_selection_validation ... ok
test plan::fj::tests::selections::lowering_splits_eq_constants_into_selections ... ok
test plan::fj::tests::validate::a_plan_dropping_a_gate_occurrence_is_rejected ... ok
test plan::fj::tests::validate::a_subatom_with_an_unknown_occurrence_is_rejected ... ok
test plan::fj::tests::selections::residuals_and_field_compares_stay_filters ... ok
test plan::fj::tests::validate::a_subatom_over_a_negated_occurrence_is_rejected ... ok
test plan::fj::tests::validate::aggregate_sink_vars_mark_every_node_relevant ... ok
test plan::fj::tests::validate::anti_probe_attaches_to_the_earliest_all_bound_node ... ok
test plan::fj::tests::validate::binding_slots_follow_node_order ... ok
test plan::fj::tests::validate::duplicate_occurrence_within_a_node_is_rejected ... ok
test plan::fj::tests::validate::gj_style_plan_has_multiple_covers_on_the_first_node ... ok
test plan::fj::tests::validate::negated_occurrences_get_probe_order_trie_schemas ... ok
test plan::fj::tests::validate::distinct_witness_tracks_key_coverage ... ok
test plan::fj::tests::validate::placement_rechecks_every_variable_at_every_node ... ok
test plan::fj::tests::validate::residuals_attach_to_the_first_node_binding_both_sides ... ok
test plan::fj::tests::validate::root_only_anti_probes_attach_to_the_root ... ok
test plan::fj::tests::validate::self_join_plans_validate_over_occurrences ... ok
test plan::fj::tests::witness::interval_value_equality_joins_with_a_two_word_key ... ok
test plan::fj::tests::validate::trie_schemas_match_the_papers_triangle_worked_example ... ok
test plan::fj::tests::witness::outer_join_idiom_absence_half_validates_into_the_witness ... ok
test plan::fj::tests::witness::outer_join_idiom_join_half_validates_into_the_witness ... ok
test plan::fj::tests::witness::allen_residual_query_validates_into_the_witness ... ok
test plan::ground::evaluate::tests::a_dead_payload_variable_folds ... ok
test plan::ground::evaluate::tests::a_fold_with_no_membership_home_refuses ... ok
test plan::ground::evaluate::tests::a_live_payload_variable_blocks_the_fold ... ok
test plan::ground::evaluate::tests::a_negated_atom_over_an_empty_set_deletes_and_rejects_nothing ... ok
test plan::ground::evaluate::tests::a_negated_closed_atom_folds_to_the_complement ... ok
test plan::ground::evaluate::tests::a_negated_fold_without_the_domain_guarantee_refuses ... ok
test plan::ground::evaluate::tests::a_filtered_closed_atom_folds_to_a_membership_set ... ok
test plan::ground::evaluate::tests::a_param_filter_blocks_the_fold ... ok
test plan::ground::evaluate::tests::a_var_binding_gate_refuses ... ok
test plan::ground::evaluate::tests::a_satisfied_var_less_gate_deletes_outright ... ok
test plan::ground::evaluate::tests::an_empty_complement_kills_the_rule ... ok
test plan::ground::evaluate::tests::an_empty_surviving_set_kills_the_rule ... ok
test plan::ground::evaluate::tests::a_second_closed_atom_folds_over_the_first_folds_set ... ok
test plan::ground::evaluate::tests::an_unsatisfiable_gate_kills_the_rule ... ok
test plan::ground::evaluate::tests::interval_filters_evaluate_against_the_sealed_extension ... ok
test plan::ground::evaluate::tests::parsed_evaluator_agrees_with_the_pinned_extension_id_sets ... ok
test plan::ground::evaluate::tests::multi_rule_queries_fold_per_rule_independently ... ok
test plan::ground::evaluate::tests::resolvable_parser_is_total_over_the_filter_vocabulary ... ok
test plan::ground::evaluate::tests::the_folded_picture_prints_handles_at_the_id_position ... ok
test plan::ground::evaluate::text_eq::sealed_row_missing_resolver_is_error_not_a_dropped_id ... ok
test plan::ground::evaluate::text_eq::sealed_row_string_filter_uses_the_exact_pinned_text_identity ... ok
test plan::ground::tests::a_missing_source_selection_refuses ... ok
test plan::ground::tests::a_membership_point_sourced_from_the_target_refuses ... ok
test plan::ground::tests::a_containment_chain_eliminates_both_targets_in_fixpoint ... ok
test plan::ground::tests::a_negated_atom_referencing_the_target_refuses ... ok
test plan::ground::evaluate::tests::the_off_switch_bypasses_the_evaluator ... ok
test plan::ground::tests::a_partial_key_join_refuses ... ok
test plan::ground::tests::a_projected_non_key_field_refuses ... ok
test plan::ground::tests::an_interval_typed_pair_refuses ... ok
test plan::ground::tests::distinct_bodies_refuse_subsumption ... ok
test plan::ground::tests::du_one_sided_walk_eliminates_the_header ... ok
test plan::ground::tests::an_extra_target_selection_refuses ... ok
test plan::ground::tests::existence_walk_eliminates_the_reference_target ... ok
test plan::ground::tests::the_dnf_residue_subsumes_the_filtered_rule ... ok
test plan::ground::tests::mutual_containments_never_eliminate_both ... ok
test plan::ground::tests::the_off_switch_bypasses_the_rewrite ... ok
test plan::planner::tests::deterministic_across_shuffled_stats_input ... ok
test plan::planner::tests::eq_pinned_key_fields_count_toward_key_coverage ... ok
test plan::planner::tests::key_coverage_fires_through_the_fresh_auto_key ... ok
test plan::planner::tests::dp_beats_greedy_on_a_constructed_counterexample ... ok
test plan::planner::tests::full_pointwise_projection_does_not_claim_scalar_uniqueness ... ok
test plan::ground::tests::the_off_switch_covers_subsumption ... ok
test plan::planner::tests::membership_bound_interval_disables_key_coverage ... ok
test plan::planner::tests::negated_occurrences_enter_no_dp_state ... ok
test plan::planner::tests::pointwise_prefix_join_takes_the_general_fanout ... ok
test plan::planner::tests::non_key_join_is_priced_pessimistically_and_pushed_last ... ok
test plan::planner::tests::selective_filtered_occurrence_leads_a_reference_walk ... ok
test plan::selectivity::tests::a_bool_eq_selection_keeps_half_by_the_floor ... ok
test plan::selectivity::tests::interior_occurrences_price_by_their_planning_floors ... ok
test plan::selectivity::tests::an_eq_selection_on_the_key_prices_a_point_lookup ... ok
test plan::selectivity::tests::output_only_variables_do_not_request_statistics_but_filters_still_do ... ok
test plan::planner::tests::pruning_unshared_statistics_preserves_every_join_order_estimate ... ok
test scalar::tests::measure_preserves_interval_domains_and_typechecks_without_rows ... ok
test scalar::tests::rounded_quotient_uses_exact_wide_product_and_final_range ... ok
test plan::selectivity::tests::resident_statistics_are_exact_and_cached_without_retained_counting_tables ... ok
test plan::selectivity::tests::relation_rows_counts_the_source_and_prices_closed_extensions ... ok
test schema::compiled::tests::assign_projection_id_is_explicitly_exhausted ... ok
test schema::compiled::tests::bounded_scalar_group_preserves_arity_and_does_not_cap_the_allocating_codec ... ok
test plan::selectivity::tests::the_cold_ladder_prices_keys_bounds_and_floors ... ok
test schema::compiled::tests::d04_capacity_source_and_target_are_real_descriptors ... ok
test schema::compiled::tests::d04_closed_target_keeps_identity_coordinates ... ok
test schema::compiled::tests::d04_conflicting_tentative_rows_keep_candidate_multiplicity ... ok
test schema::compiled::tests::d04_forced_fingerprint_collision_still_requires_exact_bytes ... ok
test schema::compiled::tests::d04_key_and_containment_target_share_one_physical_index ... ok
test schema::compiled::tests::d04_pointwise_interval_field_is_not_scalar_uniqueness ... ok
test schema::compiled::tests::d04_reordered_cross_relation_columns_preserve_inverse ... ok
test schema::compiled::tests::d04_logical_group_survives_closed_source_permutation ... ok
test schema::compiled::tests::d10_existence_only_stops_after_first_sufficient ... ok
test schema::compiled::tests::d04_selected_predicates_share_one_unfiltered_index ... ok
test schema::compiled::tests::d10_sink_stop_and_source_error_forbid_later_visits ... ok
test schema::compiled::tests::stack_scalar_projection_handles_composites_empty_and_invalid_rows ... ok
test schema::compiled::tests::text_key_compiles_fingerprint_bucket ... ok
test schema::compiled::tests::u64_key_compiles_exact_bounded ... ok
test schema::evidence::tests::byte_budget_drops_examples_deterministically_and_labels_truncation ... ok
test schema::compiled::tests::stack_scalar_projection_preserves_every_exact_type_and_order ... ok
test schema::evidence::tests::deterministic_bytes_and_pinned_header ... ok
test schema::evidence::tests::d05_evidence_bytes_survive_opposite_insertion_and_remint ... ok
test schema::evidence::tests::empty_unordered_and_pointwise_inputs_refuse ... ok
test schema::evidence::tests::judge_output_round_trips_through_the_canonical_evidence_codec ... ok
test schema::evidence::tests::judge_truncation_label_round_trips_through_the_public_boundary ... ok
test schema::evidence::tests::interpretation_refuses_foreign_schema_data ... ok
test schema::evidence::tests::skeleton_overflow_refuses_before_deciding ... ok
test schema::evidence::tests::live_rejection_bytes_equal_replayed_judge_bytes ... ok
test schema::evidence::tests::strict_decode_refuses_foreign_and_malformed_frames ... ok
test schema::fingerprint::tests::changing_a_field_type_changes_the_fingerprint ... ok
test schema::fingerprint::tests::changing_an_extension_value_changes_the_fingerprint ... ok
test schema::fingerprint::tests::changing_a_selection_literal_changes_the_fingerprint ... ok
test schema::fingerprint::tests::golden_bytes_pin_the_canonical_encoding ... ok
test schema::fingerprint::tests::changing_an_interval_element_changes_the_fingerprint ... ok
test schema::fingerprint::tests::golden_bytes_pin_the_extension_encoding ... ok
test schema::fingerprint::tests::golden_bytes_pin_the_capacity_encoding ... ok
test schema::fingerprint::tests::golden_bytes_pin_the_new_type_tags ... ok
test schema::fingerprint::tests::golden_bytes_pin_the_statement_encoding ... ok
test schema::fingerprint::tests::identical_closed_declarations_yield_identical_fingerprints ... ok
test schema::fingerprint::tests::identical_declarations_yield_identical_fingerprints ... ok
test schema::fingerprint::tests::length_prefixes_prevent_name_aliasing ... ok
test schema::fingerprint::tests::mirror_links_never_reach_the_fingerprint ... ok
test schema::fingerprint::tests::renaming_a_field_changes_the_fingerprint ... ok
test schema::fingerprint::tests::renaming_a_handle_changes_the_fingerprint ... ok
test schema::fingerprint::tests::reordering_a_projection_changes_the_fingerprint ... ok
test schema::fingerprint::tests::reordering_extension_rows_changes_the_fingerprint ... ok
test schema::fingerprint::tests::reordering_two_fields_changes_the_fingerprint ... ok
test schema::fingerprint::tests::swapping_containment_sides_changes_the_fingerprint ... ok
test schema::fingerprint::tests::reordering_two_statements_changes_the_fingerprint ... ok
test schema::fingerprint::tests::the_interval_width_is_a_fingerprint_input ... ok
test schema::fingerprint::tests::uuid_and_dense_interval_types_are_fingerprint_inputs ... ok
test schema::fingerprint::tests::the_fingerprint_is_a_pure_function_of_the_canonical_bytes ... ok
test schema::judge::delta_tests::a_delta_touching_an_unlawful_group_still_convicts_delta_locally ... ok
test schema::judge::delta_tests::a_state_without_a_group_index_falls_back_to_the_streaming_judge ... ok
test schema::judge::delta_tests::a_multi_statement_rejection_reports_every_family_both_ways ... ok
test schema::judge::delta_tests::an_unlawful_parent_can_hide_from_the_delta_local_judge_by_design ... ok
test schema::judge::delta_tests::capacity_admission_remains_index_only ... ok
test schema::judge::delta_tests::citation_order_and_truncation_labels_match_under_every_budget ... ok
test schema::judge::delta_tests::closed_delta_propagates_cancellation_and_provider_errors_without_partial_verdict ... ok
test schema::judge::delta_tests::capacity_late_unindexed_group_discards_provisional_citations_and_measure ... ok
test schema::judge::delta_tests::capacity_measure_uses_global_rank_without_full_scans_for_equal_or_differing_totals ... ok
test schema::judge::delta_tests::closed_member_equality_keeps_the_mutable_opposite_direction ... ok
test schema::judge::delta_tests::closed_member_fast_path_matches_open_twin_for_selection_delta_and_citations ... ok
test schema::judge::delta_tests::delta_local_key_judgment_never_streams_any_relation ... ok
test schema::judge::delta_tests::delta_local_judgment_equals_the_complete_judge_on_lawful_parents ... ok
test schema::judge::delta_tests::affected_determinants_decode_reordered_oversized_keys_and_release_scratch ... ok
test schema::judge::delta_tests::empty_scalar_projection_is_one_valid_determinant_not_an_empty_set ... ok
test schema::judge::delta_tests::invalid_closed_delta_cites_only_added_offenders_without_rescanning_parent ... ok
test schema::judge::delta_tests::oversized_determinant_preserves_exact_judgment_without_a_hidden_allowance ... ok
test schema::judge::delta_tests::pointwise_containment_late_unindexed_group_discards_provisional_citations ... ok
test schema::judge::delta_tests::pointwise_offender_selection_is_the_reference_adjacent_pair_sweep ... ok
test schema::judge::delta_tests::scalar_containment_late_unindexed_group_discards_provisional_citations ... ok
test schema::judge::delta_tests::closed_member_bitset_boundaries_match_the_open_reference_without_truncation ... ok
test schema::judge::delta_tests::scalar_key_capacity_overflow_and_cancellation_use_distinct_errors ... ok
test image::intern::tests::automatic_reclamation_is_incremental_and_warm_hits_do_no_maintenance ... ok
test schema::judge::delta_tests::scalar_key_bad_groups_probe_two_then_cite_once_in_canonical_order ... ok
test schema::judge::delta_tests::scalar_key_late_unindexed_group_discards_provisional_citations ... ok
test schema::judge::delta_tests::scalar_key_reordered_large_text_projection_matches_complete ... ok
test schema::judge::delta_tests::scalar_key_second_competitor_cancellation_is_not_a_verdict ... ok
test schema::judge::delta_tests::sparse_ranked_pointwise_ties_keep_both_offenders_under_shuffled_traversal ... ok
test schema::judge::delta_tests::scalar_containment_witness_skips_existing_source_fanout ... ok
test schema::judge::discriminators::cancellation_is_not_rejection ... ok
test schema::judge::discriminators::d04_capacity_floor_and_target_replacement_match_complete ... ok
test schema::judge::discriminators::d04_compiled_indexes_earn_locality ... ok
test schema::judge::delta_tests::valid_closed_delta_uses_no_full_scans_scratch_or_parent_cardinality_work ... ok
test schema::judge::discriminators::d04_incremental_containment_consumes_compiled_groups ... ok
test schema::judge::discriminators::d04_permuted_closed_source_target_deletion_agrees ... ok
test schema::judge::discriminators::d05_rejection_evidence_is_portable ... ok
test schema::judge::discriminators::d26_complete_judgment_cannot_borrow_a_lawful_parent ... ok
test schema::judge::discriminators::d26_valid_nonempty_required_state_admits ... ok
test schema::judge::delta_tests::scalar_key_bad_group_state_releases_memory_on_success_and_mid_probe_cancellation ... ok
test schema::judge::f3c_bounded::adjacent_target_spans_cover_through_the_run_table ... ok
test schema::judge::events::tests::event_summaries_survive_spill_and_check_context_before_shortcuts ... ok
test plan::planner::tests::the_dp_accepts_large_inputs_under_the_cap ... ok
test schema::judge::f3c_bounded::unreferenced_group_failures_stay_latent_referenced_ones_refuse ... ok
test schema::judge::f3c_bounded::storage_error_channel_and_plain_judgments_are_identical ... ok
test scalar::tests::small_signed_quotients_match_nearest_integer_distance_oracle ... ok
test exec::wordmap::tests::behavior::differential_against_the_reference_model ... ok
test schema::judge::tests::cancelled_work_refuses_instead_of_returning_a_partial_verdict ... ok
test schema::judge::tests::containment_judges_the_final_state_not_the_landing_order ... ok
test schema::judge::tests::dependent_bounds_and_ray_duration_refusal ... ok
test schema::judge::tests::empty_parent_zero_totals_and_missing_parent_vacuity_are_distinct ... ok
test schema::judge::tests::every_violated_statement_is_reported_in_canonical_order ... ok
test schema::judge::tests::example_truncation_is_labeled_never_silent ... ok
test schema::judge::tests::forced_fingerprint_collisions_cannot_merge_judged_facts ... ok
test schema::judge::tests::overlapping_durations_sum_completely_not_pointwise ... ok
test schema::judge::tests::pointwise_float_interval_keys_use_exact_dense_endpoint_order ... ok
test schema::judge::tests::the_empty_candidate_admits ... ok
test schema::judge::tests::two_fresh_rows_sharing_an_email_report_the_key_with_both_rows ... ok
test interval::overlap::tests::queries_match_the_naive_filter_across_random_groups ... ok
test schema::judge::tests::unit_count_over_distinct_children_exceeds_the_ceiling ... ok
test schema::judge::tests::zero_weight_children_are_membership_not_absence ... ok
test schema::render::tests::a_bidirectional_pair_renders_as_double_equals_once_from_either_id ... ok
test schema::render::tests::a_non_adjacent_mirrored_pair_renders_as_double_equals ... ok
test schema::render::tests::a_respelled_literal_set_still_seals_the_mirror_pair ... ok
test schema::render::tests::closed_reference_selections_render_handles ... ok
test schema::render::tests::declaration_scoped_errors_render_without_a_statement_citation ... ok
test schema::render::tests::declared_rendering_matches_sealed_rendering ... ok
test schema::render::tests::f64_literal_uses_canonical_ieee_bits ... ok
test schema::render::tests::extension_forms_render_in_the_grammar ... ok
test schema::render::tests::goldens_render_the_exact_macro_notation ... ok
test schema::render::tests::unresolvable_names_fall_back_to_id_placeholders ... ok
test schema::render::tests::schema_error_diagnostics_render_the_offending_statement ... ok
test schema::render::tests::weighted_capacity_forms_render_in_the_grammar ... ok
test schema::judge::delta_tests::indexed_grouped_verdicts_and_canonical_citations_match_with_either_error_channel ... ok
test schema::tests::obligations::closed_to_closed_containment_is_not_a_complete_obligation ... ok
test schema::tests::obligations::complete_roster_skips_closed_constant_and_keeps_instance_dependent ... ok
test schema::tests::obligations::equality_pair_seals_typed_containment_ids ... ok
test schema::tests::reject::a_declared_key_on_the_closed_target_does_not_soften_the_handle_rule ... ok
test schema::tests::reject::accepts_a_duration_measure_against_a_u64_field_bound ... ok
test schema::tests::reject::accepts_a_u64_measure_against_a_duration_bound ... ok
test schema::tests::reject::accepts_vacuous_and_existence_windows_as_canonical_laws ... ok
test schema::tests::reject::equality_rejects_a_composite_reverse_projection_without_a_left_key ... ok
test schema::tests::reject::equality_rejects_a_singleton_reverse_projection_without_a_left_key ... ok
test schema::tests::reject::rejects_a_capacity_whose_target_is_no_key ... ok
test schema::tests::reject::rejects_a_capacity_with_an_interval_position ... ok
test schema::tests::reject::rejects_a_closed_target_projection_that_is_not_the_id ... ok
test schema::tests::reject::rejects_a_closed_to_closed_containment_the_axioms_refute ... ok
test schema::tests::reject::rejects_a_closed_to_closed_containment_whose_value_exceeds_the_index_range ... ok
test schema::judge::delta_tests::scalar_key_valid_growth_retains_no_good_groups ... ok
test schema::tests::reject::rejects_a_closed_to_closed_window_the_axioms_refute ... ok
test schema::tests::reject::rejects_a_declared_key_the_axioms_refute ... ok
test schema::tests::member_set::representative_member_set_boundaries ... ok
test schema::tests::reject::rejects_a_declared_pointwise_key_the_axioms_refute ... ok
test schema::tests::reject::rejects_a_duplicate_handle ... ok
test schema::tests::reject::rejects_a_duplicate_literal_within_a_set ... ok
test schema::tests::reject::rejects_a_duration_bound_over_a_scalar ... ok
test schema::tests::reject::rejects_a_duration_weight_over_a_scalar ... ok
test schema::tests::reject::rejects_a_non_u64_weight ... ok
test schema::tests::reject::rejects_a_ray_axiom ... ok
test schema::tests::reject::rejects_a_set_literal_of_the_wrong_type ... ok
test schema::tests::reject::rejects_a_signed_dependent_bound ... ok
test schema::tests::reject::rejects_a_signed_weight ... ok
test schema::judge::f3c_bounded::judgments_are_deterministic ... ok
test schema::tests::reject::rejects_a_singleton_spelled_as_a_set ... ok
test schema::tests::reject::rejects_a_unit_window_against_a_duration_bound ... ok
test schema::tests::reject::rejects_a_user_declared_id_on_a_closed_relation ... ok
test schema::tests::reject::rejects_a_weighted_closed_pair_the_axioms_refute_under_a_dependent_bound ... ok
test schema::tests::reject::rejects_a_window_arity_mismatch ... ok
test schema::tests::reject::rejects_an_empty_extension ... ok
test schema::tests::reject::rejects_an_empty_literal_set ... ok
test schema::tests::reject::rejects_an_extension_arity_mismatch ... ok
test schema::tests::reject::rejects_an_extension_beyond_256_rows ... ok
test schema::tests::reject::rejects_an_extension_value_type_mismatch ... ok
test schema::tests::reject::rejects_an_interval_position_from_a_closed_source ... ok
test schema::tests::reject::rejects_an_interval_position_into_a_closed_target ... ok
test schema::tests::reject::rejects_an_inverted_window ... ok
test schema::tests::reject::rejects_an_unknown_weight_field ... ok
test schema::tests::reject::rejects_containment_arity_mismatch ... ok
test schema::tests::reject::rejects_containment_positional_type_mismatch ... ok
test schema::tests::reject::rejects_duplicate_field_name ... ok
test schema::tests::reject::rejects_duplicate_functionality ... ok
test schema::tests::reject::rejects_duplicate_projection_field ... ok
test schema::tests::reject::rejects_duplicate_relation_name ... ok
test schema::tests::reject::rejects_duplicate_selection_field ... ok
test schema::tests::reject::rejects_duplicate_statement ... ok
test schema::tests::reject::rejects_duplicate_statement_up_to_selection_order ... ok
test schema::tests::reject::rejects_empty_projection ... ok
test schema::tests::reject::rejects_fixed_bytes_widths_outside_the_range ... ok
test schema::tests::reject::rejects_float_interval_duration_weights_and_bounds ... ok
test schema::tests::reject::rejects_functionality_interval_not_last ... ok
test schema::tests::reject::rejects_functionality_with_two_intervals ... ok
test schema::tests::reject::rejects_interval_containment_without_pointwise_key ... ok
test schema::tests::reject::rejects_interval_position_against_scalar ... ok
test schema::tests::reject::rejects_interval_positions_across_element_domains_whatever_the_widths ... ok
test schema::tests::reject::rejects_interval_widths_outside_the_range ... ok
test schema::tests::reject::rejects_no_matching_target_key ... ok
test schema::tests::reject::rejects_permuted_duplicate_functionality ... ok
test schema::tests::reject::rejects_selected_field_also_projected ... ok
test schema::tests::reject::rejects_selection_literal_type_mismatch ... ok
test schema::tests::reject::rejects_statement_unknown_field ... ok
test schema::tests::reject::rejects_statement_unknown_relation ... ok
test schema::tests::reject::rejects_str_on_a_closed_relation ... ok
test schema::tests::reject::target_key_diagnostic_lists_the_requested_projection_and_every_available_key ... ok
test schema::tests::reject::rejects_a_relation_whose_derived_column_count_overflows_u16 ... ok
test schema::tests::reject::wide_scalar_keys_compile_to_fingerprint_routing ... ok
test schema::tests::reject::the_column_cap_fires_before_any_u16_field_id_is_minted ... ok
test schema::tests::valid::a_calendar_capacity_validates_and_seals_its_tails ... ok
test schema::tests::valid::a_capacity_statement_over_a_declared_key_validates ... ok
test schema::tests::valid::a_closed_relation_seals_pre_encoded_ground_axioms ... ok
test schema::tests::valid::a_duration_weight_under_a_literal_ceiling_validates ... ok
test schema::tests::valid::a_literal_set_selection_seals_sorted ... ok
test schema::tests::valid::a_psi_selected_closed_containment_compiles_its_member_set ... ok
test schema::tests::valid::a_redundant_pointwise_superkey_remains_sealed ... ok
test schema::tests::valid::a_reordered_literal_set_is_a_duplicate_statement ... ok
test schema::tests::reject::rejects_a_statement_roster_past_the_u16_id_space ... ok
test schema::tests::valid::a_satisfied_closed_to_closed_containment_validates ... ok
test schema::tests::valid::a_satisfied_closed_to_closed_window_validates ... ok
test schema::tests::valid::a_satisfied_weighted_closed_pair_validates ... ok
test schema::tests::valid::a_star_window_validates_with_no_ceiling ... ok
test schema::tests::valid::a_weighted_capacity_with_a_dependent_bound_validates ... ok
test schema::tests::valid::a_weighted_floor_of_one_validates ... ok
test schema::tests::valid::a_window_into_a_closed_target_validates ... ok
test schema::tests::valid::an_exclusion_window_validates ... ok
test schema::tests::valid::closed_auto_keys_sit_before_declared_statements ... ok
test schema::tests::valid::dependents_are_typed_total_witnesses ... ok
test schema::tests::valid::mixed_width_interval_positions_of_one_element_domain_resolve ... ok
test schema::tests::valid::example_schema_resolves_exactly ... ok
test schema::tests::valid::nullary_relation_constructs ... ok
test schema::tests::valid::permutation_is_stored_inverse_determinant_position_to_projection_index ... ok
test schema::tests::valid::permuted_target_projection_resolves_with_permutation ... ok
test schema::tests::valid::pointwise_key_and_containment_resolve ... ok
test schema::tests::valid::statement_ids_are_auto_fds_first_then_declared_order ... ok
test schema::tests::valid::statement_order_preserves_materialized_identity ... ok
test schema::tests::valid::valid_schema_constructs_with_statement_indices ... ok
test storage::store::det_index::tests::bounded_emission_preserves_work_refusals_and_rejects_bad_scalar_shape ... ok
test storage::store::det_index::tests::canonical_projection_moves_storage_and_releases_it_with_its_owner ... ok
test storage::store::det_index::tests::canonical_projection_owners_are_independent_and_honor_cancellation ... ok
test storage::store::det_index::tests::compile_error_is_the_explicit_exhaustion_signal ... ok
test storage::store::det_index::tests::d04_conflicting_rows_emit_the_same_projection_twice ... ok
test storage::store::det_index::tests::d04_emit_decoded_uses_projection_ids_and_compact_u64_bytes ... ok
test storage::store::det_index::tests::d04_pointwise_emit_groups_distinct_intervals_by_scalars_only ... ok
test storage::store::det_index::tests::d04_unrelated_groups_do_not_increase_one_row_visits ... ok
test storage::store::det_index::tests::d10_existence_suffix_and_sink_stop_use_compiled_owner ... ok
test storage::store::det_index::tests::exact_projection_owner_is_inline_and_checks_its_compiled_width ... ok
test storage::store::det_index::tests::intern_key_is_the_shared_roster_identity ... ok
test storage::store::det_index::tests::membership_selection_excludes_hash_interval_and_nonkey_projections ... ok
test storage::store::det_index::tests::membership_selection_uses_shortest_exact_key_then_stable_projection_id ... ok
test storage::store::det_index::tests::row_emitter_reuses_decode_storage_and_releases_payload_on_sink_error ... ok
test storage::store::gate::tests::close_tracks_both_inline_and_overflow_passes_and_stays_terminal ... ok
test storage::store::gate::tests::failed_writer_begin_and_poisoned_mutex_preserve_gate_fences ... ok
test schema::tests::reject::the_id_width_caps_refuse_typed_rather_than_panicking ... ok
test exec::wordmap::tests::contracts::a_single_multiply_hash_fails_the_false_tag_gate - should panic ... ok
test storage::store::gate::tests::a_reused_reader_has_a_fresh_pass_age_shared_with_gate_diagnostics ... ok
test storage::store::gate::tests::quiescent_reads_reuse_one_slot_without_counting_it_as_a_live_borrow ... ok
test exec::run::tests::intervals::keyed_overlap_self_join_agrees_with_the_naive_model ... ok
test storage::store::gate::tests::reused_inline_slot_does_not_hide_older_overflow_passes ... ok
test storage::store::gate::tests::serial_passes_never_populate_the_overflow_map ... ok
test storage::store::gate::tests::failed_capture_releases_admission_and_does_not_cache_an_invalid_generation ... ok
test storage::store::gate::tests::metadata_only_noop_and_aborted_writes_all_end_the_reuse_epoch ... ok
test schema::tests::reject::the_column_count_boundary_is_exact ... ok
test storage::store::gate::tests::resize_and_close_evict_idle_reads_but_never_invalidate_caller_reads ... ok
test storage::store::gate::tests::readers_before_and_during_a_write_cannot_repopulate_a_stale_cache ... ok
test storage::store::judge_bridge::tests::cancelled_home_insert_never_becomes_an_admission ... ok
test storage::store::gate::tests::returning_a_read_during_drain_aborts_instead_of_parking ... ok
test storage::store::gate::tests::stopped_work_does_not_consume_a_cached_read_or_admit_any_pass ... ok
test storage::store::gate::tests::unwinding_and_the_final_snapshot_release_environment_before_directory_lock ... ok
test storage::store::judge_bridge::tests::complete_staging_admission_ignores_each_ingest_preservation_hint ... ok
test storage::store::judge_bridge::tests::d26_unready_admit_cannot_mint_parent_and_must_reject ... ok
test storage::store::keys::tests::borrowed_row_keys_preserve_every_home_width_and_ordinal_without_copying ... ok
test storage::store::judge_bridge::tests::complete_judge_ignores_true_preservation_on_an_unlawful_parent ... ok
test storage::store::keys::tests::decoders_refuse_short_long_and_wrong_family_keys_before_slicing ... ok
test storage::store::keys::tests::clustered_row_keys_round_trip_order_and_preserve_duplicate_home_ordinals ... ok
test storage::store::keys::tests::key_order_is_ordinal_then_payload_then_row_at_every_width ... ok
test storage::store::judge_bridge::tests::failed_home_insert_never_reaches_judgment_or_publication ... ok
test storage::store::keys::tests::projection_width_boundaries_preserve_routing_and_row ... ok
test storage::store::judge_bridge::tests::d26_complete_rejects_empty_delta_that_incremental_parent_would_admit ... ok
test storage::store::keys::tests::relation_width_boundaries_round_trip_without_truncation ... ok
test storage::store::keys::tests::physical_comparator_matches_varied_long_and_shared_prefix_keys ... ok
test storage::store::keys::tests::physical_comparator_matches_byte_order_exhaustively_and_at_word_boundaries ... ok
test storage::store::judge_bridge::tests::delta_decode_streams_are_reentrant_and_release_scratch_on_every_exit ... ok
test schema::judge::f3c_bounded::wide_rejection_diagnostics_are_complete ... ok
test schema::judge::f3c_bounded::wide_lawful_judgment_releases_its_temporary_state ... ok
test schema::judge::f3c_bounded::cancelled_grouped_judgment_does_not_publish_a_verdict ... ok
test schema::tests::member_set::exhaustive_member_set_matches_the_naive_bit_walk ... ok
test storage::store::rows::tests::body_only_scan_retains_key_validation_order_and_lazy_stopping ... ok
test storage::store::tests::admission::compile_exhaustion_is_store_error_compile_not_corruption ... ok
test storage::store::judge_bridge::tests::ranked_store_visits_preserve_row_ids_through_collisions_deletion_and_early_stop ... ok
test storage::store::rows::tests::cached_row_count_overflow_and_underflow_abort_fact_changes ... ok
test schema::judge::f3c_bounded::wide_grouped_judgment_needs_no_storage_error_channel ... ok
test storage::store::rows::tests::projected_conflict_is_sticky_and_aborted_writer_resets_it ... ok
test storage::store::judge_bridge::tests::home_preservation_skips_real_bucket_visits_but_keeps_conflict_citations ... ok
test storage::store::rows::tests::retry_after_partial_streaming_preserves_set_indexes_and_single_counter_change ... ok
test storage::store::rows::tests::row_writer_defers_metadata_and_flushes_relation_switches_and_finish ... ok
test storage::store::rows::tests::scalar_key_membership_keeps_competitors_and_keyless_collision_buckets ... ok
test storage::store::rows::tests::swallowed_sink_error_stays_first_and_blocks_every_later_mutation ... ok
test storage::store::tests::admission::d06_ready_destination_population_is_refused ... ok
test storage::store::tests::admission::d26_conflicting_populated_stage_rejects_with_empty_delta ... ok
test storage::store::rows::tests::unfinished_or_cancelled_row_writer_aborts_flushed_and_cached_counters ... ok
test storage::store::tests::admission::ordinary_admitted_write_uses_prepare_incremental_under_lawful_parent ... ok
test storage::store::tests::admission::unready_batched_host_deletes_stay_invisible_until_admit ... ok
test storage::store::tests::candidate_visibility::a_failed_seal_drops_facts_and_host_prefix_and_dispatches_nothing ... ok
test storage::store::tests::admission::d06_second_installer_cannot_clobber_and_cleanup_spares_winner ... ok
test storage::store::tests::admission::unready_host_metadata_is_invisible_until_admit ... ok
test storage::store::tests::candidate_visibility::a_foreign_schema_change_set_refuses_before_any_candidate_exists ... ok
test storage::store::tests::admission::d04_closed_source_permuted_target_deletion_refuses_on_production_store ... ok
test storage::store::rows::tests::streaming_insert_and_remove_failures_roll_back_rows_indexes_and_counters ... ok
test storage::store::tests::admission::d06_zero_row_host_metadata_is_not_fresh ... ok
test storage::store::tests::candidate_visibility::a_judge_rejection_retains_the_session_for_the_receipt_transaction ... ok
test storage::store::tests::candidate_visibility::a_prepared_candidate_is_invisible_to_committed_readers ... ok
test storage::store::tests::candidate_visibility::deleting_an_absent_fact_and_adding_a_present_fact_are_noops ... ok
test storage::store::tests::compiled_projection::compiled_theory_table_matches_chapter_40 ... ok
test storage::store::tests::candidate_visibility::idempotent_host_records_do_not_move_the_generation ... ok
test storage::store::tests::admission::d26_nonempty_required_survives_populate_admit_install_reopen ... ok
test storage::store::tests::candidate_visibility::seal_input_grammar_is_checked_before_any_write ... ok
test storage::store::tests::candidate_visibility::the_c04_identity_surface_names_one_store ... ok
test storage::store::tests::candidate_visibility::one_command_replacement_judges_the_final_state_not_statement_order ... ok
test storage::store::tests::collision::colliding_rows_stay_distinct_through_insert_contains_delete ... ok
test storage::store::tests::crash::child_role ... ok
test storage::store::tests::candidate_visibility::the_judge_sees_the_proposed_final_state_not_the_parent ... ok
test storage::store::tests::compiled_projection::noninterned_or_foreign_relation_projection_refuses_and_rolls_back ... ok
test storage::store::tests::collision::colliding_buckets_remain_enumerable_and_individually_deletable ... ok
test storage::store::tests::collision::judgment_sees_every_competing_proposal_in_the_same_exact_home ... ok
test storage::store::tests::compiled_projection::store_shares_schema_compiled_theory ... ok
test storage::store::tests::compiled_projection::text_key_uses_fingerprint_routing ... ok
test storage::store::tests::compiled_projection::u64_key_uses_exact_bounded_routing_bytes ... ok
test storage::store::tests::crash::rows_survive_process_death_after_durable_commit ... ok
test storage::store::tests::crash::a_paused_owner_keeps_the_lock_and_death_releases_it ... ok
test storage::store::tests::collision::export_orders_home_and_fingerprint_collisions_with_bounded_memory_and_failure_cleanup ... ok
test storage::store::tests::collision::export_bytes_ignore_local_ordinals_for_primary_conflicts_and_fingerprint_collisions ... ok
test storage::store::tests::crash::a_sealed_uncommitted_candidate_dies_with_its_process ... ok
test storage::store::tests::incremental::a_multi_statement_rejection_is_equal_both_ways_with_all_families ... ok
test storage::store::tests::incremental::an_unlawful_parent_hides_from_the_incremental_judge_and_the_sweeper_convicts ... ok
test storage::store::tests::fresh_adoption::metadata_only_destination_refuses_adoption ... ok
test storage::store::tests::fresh_adoption::fresh_create_adopts_complete_snapshot ... ok
test storage::store::tests::fresh_adoption::physical_compaction_grows_and_copies_overflow_values_without_reencoding ... ok
test storage::store::tests::fresh_adoption::physical_compaction_reindexes_test_only_fingerprint_policy_changes ... ok
test storage::store::tests::incremental::incremental_judgment_allocations_are_delta_shaped_not_relation_shaped ... ok
test storage::store::tests::fresh_adoption::physical_compaction_preserves_pinned_indexes_metadata_and_sparse_row_ids ... ok
test storage::store::tests::large::a_populated_store_crosses_the_former_32_gib_boundary_and_reopens ... ignored, dedicated storage-qualified lane: >40 GiB of real disk; run in F3 with --ignored
test storage::store::tests::fresh_adoption::physical_compaction_cancellation_rolls_back_data_and_fresh_metadata ... ok
test storage::store::tests::incremental::incremental_judge_matches_the_complete_judge_under_forced_collisions ... ok
test storage::store::tests::judged::a_conflict_with_a_committed_row_rejects_and_leaves_it_intact ... ok
test storage::store::tests::judged::a_key_replacement_admits_in_either_spelling_order ... ok
test storage::store::tests::incremental::capacity_measure_follows_target_row_order_not_delta_group_order ... ok
test storage::store::tests::incremental::selected_home_preservation_does_not_hide_alternate_or_interval_keys ... ok
test storage::store::tests::judged::both_violated_statements_are_reported_together ... ok
test storage::store::tests::incremental::incremental_judge_matches_the_complete_judge_on_randomized_mutations ... ok
test storage::store::tests::judged::judgment_over_the_store_agrees_with_the_reference_map_state ... ok
test storage::store::tests::judged::two_fresh_rows_sharing_an_email_reject_with_the_key_statement ... ok
test storage::store::tests::lifecycle::an_old_family_transitional_store_refuses_before_any_cleanup ... ok
test storage::store::tests::lifecycle::create_refuses_an_existing_destination ... ok
test storage::store::tests::lifecycle::cached_row_id_exhaustion_aborts_the_entire_batch_without_advancing_highwater ... ok
test storage::store::tests::lifecycle::a_foreign_schema_refuses_to_open ... ok
test storage::store::tests::lifecycle::a_second_open_refuses_while_the_owner_lives_and_succeeds_after_drop ... ok
test storage::store::tests::lifecycle::close_reports_live_snapshots_and_refuses_new_admission ... ok
test storage::store::tests::lifecycle::create_then_reopen_round_trips_identity_and_rows ... ok
test storage::store::tests::lifecycle::install_populated_leaves_no_destination_on_population_failure ... ok
test storage::store::tests::lifecycle::every_open_is_durable_no_nosync_flag_is_reachable ... ok
test storage::store::tests::lifecycle::environment_identity_differs_per_open ... ok
test storage::store::tests::lifecycle::a_layout_bump_refuses_with_both_counters ... ok
test storage::store::tests::lifecycle::row_id_exhaustion_is_a_typed_refusal ... ok
test storage::store::tests::lifecycle::install_populated_publishes_complete_store ... ok
test storage::store::tests::resize::explicit_ceiling_never_silently_increases_and_supports_above_32_gib ... ok
test storage::store::tests::lifecycle::the_writer_is_exclusive_and_reentrancy_refuses ... ok
test storage::store::tests::lifecycle::physical_key_order_and_prefix_boundaries_survive_reopen ... ok
test storage::store::tests::lifecycle::the_lock_releases_after_the_owner_and_all_snapshots_drop ... ok
test storage::store::tests::lifecycle::recognizing_the_layout_integer_alone_is_forbidden ... ok
test storage::store::tests::resize::a_callers_own_pinned_reader_blocks_same_thread_growth ... ok
test storage::store::tests::lifecycle::unready_admit_install_publishes_without_query_surface ... ok
test storage::store::tests::resize::a_growth_ceiling_is_a_typed_exhaustion_never_a_wrap ... ok
test storage::store::tests::resize::cancellation_while_waiting_for_exclusive_access_is_cancelled_not_blocked ... ok
test storage::store::tests::resize::map_full_during_seal_dispatches_nothing_and_growth_recovers ... ok
test storage::store::tests::resize::map_report_quantities_are_distinct_and_ordered_sanely ... ok
test storage::store::tests::resize::cancelling_reader_blocked_growth_preserves_diagnostics_and_restores_admission ... ok
test storage::store::tests::schema_indexed::forced_collisions_widen_buckets_but_never_answers ... ok
test storage::store::tests::lifecycle::duplicated_lock_description_does_not_outlive_the_final_environment_owner ... ok
test storage::store::tests::schema_indexed::judgment_enumeration_sees_all_competitors_without_scanning_the_relation ... ok
test storage::store::tests::schema_indexed::long_text_determinants_stay_out_of_lmdb_keys_and_still_resolve ... ok
test storage::store::tests::resize::the_candidate_path_grows_the_map_and_reapplies_the_same_delta ... ok
test storage::store::tests::resize::growth_survives_reopen_and_the_populated_file_is_reported_distinctly ... ok
test storage::store::tests::schema_indexed::primary_probe_continues_unready_conflicts_and_preserves_work ... ok
test storage::store::tests::schema_indexed::owned_snapshot_visit_projection_takes_projection_id ... ok
test storage::store::tests::schema_indexed::pointwise_keys_bucket_by_their_scalar_prefix ... ok
test storage::store::tests::schema_indexed::adopt_snapshot_rebuilds_the_determinant_index ... ok
test storage::store::tests::schema_indexed::row_mutations_maintain_schema_determinant_entries_symmetrically ... ok
test storage::store::tests::snapshot_coherence::census_and_page_stats_read_one_coherent_snapshot ... ok
test storage::store::tests::schema_indexed::scalar_home_and_secondary_locator_change_atomically_across_replacement_and_reinsertion ... ok
test storage::store::tests::incremental::interval_prefix_order_coverage_collisions_and_cleanup ... ok
test storage::store::tests::schema_indexed::visit_determinant_bucket_streams_candidates ... ok
test storage::store::tests::snapshot_coherence::deleted_text_has_no_live_entry_after_delete_export_reopen ... ok
test storage::store::tests::snapshot_coherence::export_uses_the_selected_nonleading_scalar_key_not_canonical_row_order ... ok
test storage::store::tests::snapshot_coherence::export_orders_by_relation_then_home_or_fingerprint_then_bytes ... ok
test storage::store::tests::snapshot_coherence::snapshot_age_is_exposed_for_growth_diagnostics ... ok
test storage::store::tests::snapshot_coherence::generation_starts_at_zero_and_moves_only_on_change ... ok
test storage::store::tests::snapshot_coherence::export_is_coherent_under_a_commit_landed_mid_export ... ok
test storage::store::tests::schema_indexed::primary_probe_validates_first_and_continuation_keys_without_eager_work ... ok
test storage::store::tests::snapshot_coherence::snapshot_rows_generation_and_attachment_name_one_transaction ... ok
test work::cache::tests::acquire_and_rotate_do_not_alias_resolvers ... ok
test work::cache::tests::weak_idle_handle_fails_after_last_strong_drop ... ok
test work::clock::tests::admission_age_matches_difference_of_rounded_absolute_samples ... ok
test work::clock::tests::admission_age_stays_inside_standard_clock_brackets ... ok
test work::clock::tests::admission_stamp_retains_only_one_hardware_word ... ok
test work::tests::cancellation_crosses_threads_without_retaining_the_original_handle ... ok
test work::tests::cancellation_does_not_stop_independent_operations ... ok
test work::tests::cloned_contexts_observe_cancellation ... ok
test storage::store::tests::snapshot_coherence::there_is_no_dictionary_database_in_the_successor_store ... ok
test storage::store::verify::tests::scalar_home_refuses_redundant_indexes_without_requiring_them ... ok
test storage::store::tests::schema_indexed::nonleading_uuid_fixed_bytes_and_reordered_composite_keys_are_primary_homes ... ok
test storage::store::verify::tests::verifier_ranked_rows_keep_retained_row_ids_after_deletion ... ok
test verify_store::tests::the_global_re_judgment_convicts_a_state_the_writer_never_judged ... ok
test verify_store::tests::a_row_without_membership_and_a_wrong_bucket_are_distinct_findings ... ok
test verify_store::tests::a_dangling_membership_entry_is_a_typed_finding ... ok
test verify_store::tests::a_stale_row_count_and_a_behind_ratchet_are_convicted ... ok
test verify_store::tests::a_lawful_store_sweeps_coherent_after_mixed_commits ... ok
test storage::store::verify::tests::row_home_corruption_and_duplicate_ordinals_are_independently_detected ... ok
test storage::store::verify::tests::secondary_home_and_index_completeness_are_independently_verified ... ok

test result: ok. 1348 passed; 0 failed; 18 ignored; 0 measured; 0 filtered out; finished in 6.92s

